player_id,week_date,week_number,weekly_training_load,matches_this_week,training_days,rest_days,wellness_score,soreness_score
P0001,2025-07-25,1,639.0,1,4,3,8.8,6.7
P0001,2025-08-01,2,643.0,2,5,3,9.2,1.3
P0001,2025-08-08,3,1082.0,0,5,1,6.4,4.7
P0001,2025-08-15,4,653.0,0,4,3,6.8,1.1
P0001,2025-08-22,5,961.0,1,5,3,8.9,5.3
P0001,2025-08-29,6,686.0,0,4,1,7.0,6.2
P0001,2025-09-05,7,936.0,1,5,2,6.4,4.5
P0001,2025-09-12,8,711.0,2,5,3,5.9,5.6
P0001,2025-09-19,9,1082.0,1,6,2,9.9,3.3
P0001,2025-09-26,10,944.0,2,5,1,8.8,7.8
P0001,2025-10-03,11,1025.0,2,4,1,7.9,3.5
P0001,2025-10-10,12,773.0,2,4,3,6.6,6.9
P0002,2025-07-25,1,1034.0,1,6,3,6.0,1.0
P0002,2025-08-01,2,723.0,2,5,1,7.2,7.9
P0002,2025-08-08,3,779.0,2,6,2,5.2,6.4
P0002,2025-08-15,4,892.0,0,6,3,7.4,5.4
P0002,2025-08-22,5,1065.0,1,6,2,6.5,1.8
P0002,2025-08-29,6,1106.0,0,4,1,8.6,1.3
P0002,2025-09-05,7,736.0,1,4,1,6.7,6.1
P0002,2025-09-12,8,943.0,2,5,1,6.0,5.6
P0002,2025-09-19,9,813.0,0,5,3,7.8,7.0
P0002,2025-09-26,10,660.0,1,6,1,5.6,5.9
P0002,2025-10-03,11,826.0,0,6,3,6.0,6.9
P0002,2025-10-10,12,704.0,0,6,3,9.5,2.9
P0003,2025-07-25,1,1303.0,2,4,2,5.5,3.2
P0003,2025-08-01,2,1176.0,2,5,1,6.1,3.0
P0003,2025-08-08,3,1065.0,0,6,3,8.4,4.7
P0003,2025-08-15,4,1288.0,2,6,3,5.0,2.7
P0003,2025-08-22,5,1385.0,2,4,1,8.8,1.6
P0003,2025-08-29,6,1111.0,1,5,3,5.7,4.3
P0003,2025-09-05,7,1392.0,2,4,2,10.0,4.9
P0003,2025-09-12,8,884.0,0,6,1,6.5,3.0
P0003,2025-09-19,9,1414.0,0,6,1,8.9,1.8
P0003,2025-09-26,10,1010.0,0,4,3,9.4,4.2
P0003,2025-10-03,11,1338.0,2,4,3,9.8,7.5
P0003,2025-10-10,12,1074.0,0,4,1,7.4,6.6
P0004,2025-07-25,1,1156.0,2,5,2,5.1,4.1
P0004,2025-08-01,2,1232.0,2,4,3,9.5,1.1
P0004,2025-08-08,3,1090.0,0,4,3,5.8,2.2
P0004,2025-08-15,4,918.0,0,5,3,7.9,5.7
P0004,2025-08-22,5,1246.0,2,6,2,9.1,6.6
P0004,2025-08-29,6,1273.0,0,6,3,5.5,5.5
P0004,2025-09-05,7,999.0,1,5,1,6.8,3.0
P0004,2025-09-12,8,900.0,0,4,1,9.8,5.8
P0004,2025-09-19,9,1239.0,2,6,3,9.6,7.3
P0004,2025-09-26,10,1021.0,0,4,2,5.9,2.4
P0004,2025-10-03,11,915.0,1,4,2,8.4,2.2
P0004,2025-10-10,12,956.0,1,5,1,6.6,1.7
P0005,2025-07-25,1,825.0,0,6,1,9.4,6.3
P0005,2025-08-01,2,1169.0,2,6,1,5.7,6.2
P0005,2025-08-08,3,1231.0,0,6,3,7.7,4.7
P0005,2025-08-15,4,1054.0,1,4,1,5.0,4.5
P0005,2025-08-22,5,1336.0,1,5,3,7.0,5.8
P0005,2025-08-29,6,986.0,0,5,3,7.1,7.4
P0005,2025-09-05,7,1503.0,1,6,2,7.0,7.9
P0005,2025-09-12,8,1340.0,0,6,2,5.8,8.0
P0005,2025-09-19,9,937.0,0,6,1,8.2,6.8
P0005,2025-09-26,10,1369.0,0,5,1,7.2,4.3
P0005,2025-10-03,11,979.0,0,4,2,7.0,3.0
P0005,2025-10-10,12,1375.0,2,6,2,7.5,7.2
P0006,2025-07-25,1,803.0,0,4,3,7.8,4.5
P0006,2025-08-01,2,776.0,2,4,2,6.1,2.4
P0006,2025-08-08,3,832.0,1,5,2,7.2,4.4
P0006,2025-08-15,4,1087.0,1,5,3,7.4,7.8
P0006,2025-08-22,5,619.0,0,6,2,7.8,5.9
P0006,2025-08-29,6,708.0,2,5,2,5.3,2.5
P0006,2025-09-05,7,885.0,2,5,1,5.3,3.3
P0006,2025-09-12,8,690.0,0,6,3,9.5,8.0
P0006,2025-09-19,9,1135.0,2,4,2,8.4,3.9
P0006,2025-09-26,10,956.0,2,4,1,5.9,4.0
P0006,2025-10-03,11,961.0,1,6,2,5.0,3.6
P0006,2025-10-10,12,648.0,2,4,3,9.1,3.3
P0007,2025-07-25,1,676.0,1,4,3,8.7,4.5
P0007,2025-08-01,2,594.0,0,5,2,8.3,4.0
P0007,2025-08-08,3,989.0,2,4,3,6.3,7.3
P0007,2025-08-15,4,958.0,0,5,1,8.6,7.6
P0007,2025-08-22,5,962.0,2,4,3,6.1,3.5
P0007,2025-08-29,6,698.0,0,6,2,6.3,4.2
P0007,2025-09-05,7,747.0,2,5,2,5.4,1.6
P0007,2025-09-12,8,846.0,2,6,2,7.2,1.4
P0007,2025-09-19,9,810.0,0,6,3,5.6,1.7
P0007,2025-09-26,10,855.0,0,5,3,5.9,7.7
P0007,2025-10-03,11,973.0,1,6,3,7.1,6.2
P0007,2025-10-10,12,616.0,1,6,3,6.2,5.1
P0008,2025-07-25,1,757.0,0,4,3,7.0,2.2
P0008,2025-08-01,2,870.0,2,6,2,5.2,4.7
P0008,2025-08-08,3,1145.0,1,4,3,6.4,6.4
P0008,2025-08-15,4,929.0,1,5,3,8.3,5.0
P0008,2025-08-22,5,1003.0,0,5,1,5.9,1.8
P0008,2025-08-29,6,923.0,0,5,2,8.6,4.1
P0008,2025-09-05,7,961.0,1,6,2,5.6,4.3
P0008,2025-09-12,8,1181.0,1,6,2,7.8,6.3
P0008,2025-09-19,9,887.0,1,4,3,5.2,1.9
P0008,2025-09-26,10,838.0,2,6,2,6.7,5.6
P0008,2025-10-03,11,1148.0,0,6,1,7.9,3.4
P0008,2025-10-10,12,765.0,1,5,1,9.4,3.1
P0009,2025-07-25,1,1152.0,0,4,2,9.2,5.1
P0009,2025-08-01,2,779.0,2,5,2,8.9,5.7
P0009,2025-08-08,3,936.0,0,4,2,8.9,3.5
P0009,2025-08-15,4,929.0,1,4,3,5.4,1.9
P0009,2025-08-22,5,857.0,1,5,2,7.2,1.3
P0009,2025-08-29,6,1323.0,1,4,1,5.7,7.4
P0009,2025-09-05,7,1019.0,2,4,1,8.0,1.7
P0009,2025-09-12,8,1028.0,2,5,2,9.3,5.3
P0009,2025-09-19,9,748.0,1,4,1,6.0,4.2
P0009,2025-09-26,10,1179.0,1,6,1,5.7,5.7
P0009,2025-10-03,11,743.0,2,5,1,5.8,6.6
P0009,2025-10-10,12,1320.0,2,4,2,7.9,4.1
P0010,2025-07-25,1,689.0,1,6,2,5.0,1.4
P0010,2025-08-01,2,915.0,1,5,1,9.9,4.5
P0010,2025-08-08,3,675.0,0,6,3,5.3,7.6
P0010,2025-08-15,4,972.0,0,5,3,6.7,1.1
P0010,2025-08-22,5,878.0,2,5,2,8.4,1.8
P0010,2025-08-29,6,754.0,1,5,1,8.9,7.1
P0010,2025-09-05,7,793.0,1,6,3,7.6,6.8
P0010,2025-09-12,8,924.0,2,4,1,9.2,5.6
P0010,2025-09-19,9,957.0,2,4,2,8.0,2.1
P0010,2025-09-26,10,740.0,2,4,1,5.9,5.7
P0010,2025-10-03,11,1019.0,1,4,3,6.6,4.2
P0010,2025-10-10,12,893.0,2,5,2,9.1,2.9
P0011,2025-07-25,1,990.0,0,6,3,6.2,5.0
P0011,2025-08-01,2,1032.0,0,6,2,7.8,3.4
P0011,2025-08-08,3,1067.0,1,5,3,6.1,3.4
P0011,2025-08-15,4,1398.0,2,6,1,7.3,1.1
P0011,2025-08-22,5,1235.0,0,4,3,7.7,2.3
P0011,2025-08-29,6,1141.0,2,4,3,8.0,3.8
P0011,2025-09-05,7,1026.0,0,4,2,8.4,3.6
P0011,2025-09-12,8,1024.0,0,4,2,7.8,1.1
P0011,2025-09-19,9,1335.0,1,6,2,7.6,4.2
P0011,2025-09-26,10,1296.0,0,6,1,7.6,2.2
P0011,2025-10-03,11,1536.0,0,5,3,5.2,2.8
P0011,2025-10-10,12,1330.0,2,5,2,6.7,3.1
P0012,2025-07-25,1,862.0,2,4,1,8.8,7.5
P0012,2025-08-01,2,802.0,2,4,3,6.3,1.5
P0012,2025-08-08,3,627.0,0,5,2,6.5,5.8
P0012,2025-08-15,4,969.0,2,6,2,9.4,4.6
P0012,2025-08-22,5,975.0,1,6,3,5.2,3.0
P0012,2025-08-29,6,697.0,2,4,3,7.3,6.0
P0012,2025-09-05,7,629.0,0,5,3,8.2,7.9
P0012,2025-09-12,8,644.0,0,5,2,6.3,4.2
P0012,2025-09-19,9,591.0,1,4,2,7.2,7.9
P0012,2025-09-26,10,1034.0,2,6,2,9.2,8.0
P0012,2025-10-03,11,721.0,0,5,2,8.6,3.1
P0012,2025-10-10,12,863.0,2,4,1,7.0,4.5
P0013,2025-07-25,1,812.0,1,5,3,9.7,3.6
P0013,2025-08-01,2,1008.0,0,6,3,7.1,4.6
P0013,2025-08-08,3,765.0,2,5,1,5.2,7.5
P0013,2025-08-15,4,932.0,1,4,2,8.7,4.1
P0013,2025-08-22,5,946.0,0,4,2,9.9,2.6
P0013,2025-08-29,6,886.0,1,4,2,8.0,7.1
P0013,2025-09-05,7,641.0,0,6,1,7.6,6.4
P0013,2025-09-12,8,841.0,2,6,1,8.6,1.9
P0013,2025-09-19,9,726.0,0,4,3,7.2,4.5
P0013,2025-09-26,10,713.0,1,4,1,6.2,1.3
P0013,2025-10-03,11,892.0,1,6,1,9.7,7.0
P0013,2025-10-10,12,1024.0,1,5,3,9.4,7.7
P0014,2025-07-25,1,1185.0,2,5,1,8.4,7.6
P0014,2025-08-01,2,815.0,0,6,2,6.3,6.4
P0014,2025-08-08,3,989.0,1,6,2,9.0,3.5
P0014,2025-08-15,4,1211.0,1,5,2,9.8,4.6
P0014,2025-08-22,5,1094.0,2,6,2,7.0,3.9
P0014,2025-08-29,6,984.0,0,5,2,5.7,4.5
P0014,2025-09-05,7,769.0,2,4,2,6.1,3.2
P0014,2025-09-12,8,809.0,1,4,2,8.2,6.4
P0014,2025-09-19,9,883.0,2,4,2,9.3,2.2
P0014,2025-09-26,10,827.0,0,6,2,9.3,1.2
P0014,2025-10-03,11,715.0,0,6,3,6.2,6.6
P0014,2025-10-10,12,995.0,2,4,3,7.0,1.8
P0015,2025-07-25,1,1097.0,1,4,2,10.0,2.6
P0015,2025-08-01,2,879.0,0,4,1,7.3,4.9
P0015,2025-08-08,3,1196.0,0,5,2,5.5,6.2
P0015,2025-08-15,4,1266.0,2,5,3,7.1,7.1
P0015,2025-08-22,5,769.0,1,6,3,5.4,4.5
P0015,2025-08-29,6,1103.0,2,6,2,9.5,7.6
P0015,2025-09-05,7,733.0,2,6,1,6.6,4.8
P0015,2025-09-12,8,1237.0,1,4,2,7.7,3.7
P0015,2025-09-19,9,868.0,1,6,1,7.5,4.6
P0015,2025-09-26,10,961.0,2,4,3,7.4,1.9
P0015,2025-10-03,11,1247.0,2,5,1,5.8,5.4
P0015,2025-10-10,12,896.0,2,4,2,8.5,5.9
P0016,2025-07-25,1,1092.0,0,5,2,7.2,2.3
P0016,2025-08-01,2,838.0,1,4,1,5.2,5.4
P0016,2025-08-08,3,826.0,0,6,2,6.6,2.7
P0016,2025-08-15,4,780.0,0,5,1,8.9,4.0
P0016,2025-08-22,5,874.0,0,6,1,7.8,7.7
P0016,2025-08-29,6,867.0,1,5,3,8.8,2.6
P0016,2025-09-05,7,726.0,0,4,1,10.0,7.3
P0016,2025-09-12,8,981.0,0,5,3,9.7,6.9
P0016,2025-09-19,9,1057.0,1,6,2,7.6,4.8
P0016,2025-09-26,10,995.0,0,6,2,9.5,7.1
P0016,2025-10-03,11,1149.0,0,4,1,6.3,3.4
P0016,2025-10-10,12,719.0,1,5,2,8.7,2.2
P0017,2025-07-25,1,922.0,0,5,1,7.8,7.3
P0017,2025-08-01,2,1074.0,2,6,3,9.7,3.5
P0017,2025-08-08,3,860.0,2,5,2,9.9,4.2
P0017,2025-08-15,4,754.0,1,6,1,5.9,7.3
P0017,2025-08-22,5,915.0,2,4,1,7.7,2.0
P0017,2025-08-29,6,932.0,0,4,2,6.6,4.2
P0017,2025-09-05,7,1118.0,0,6,3,7.4,3.7
P0017,2025-09-12,8,861.0,2,4,3,8.3,7.0
P0017,2025-09-19,9,777.0,1,6,1,6.0,1.5
P0017,2025-09-26,10,1187.0,2,5,2,8.4,4.6
P0017,2025-10-03,11,1213.0,1,4,1,9.0,6.7
P0017,2025-10-10,12,857.0,1,6,2,5.3,7.1
P0018,2025-07-25,1,809.0,1,6,1,7.0,7.1
P0018,2025-08-01,2,954.0,0,6,1,9.9,6.0
P0018,2025-08-08,3,1161.0,2,6,1,8.3,3.4
P0018,2025-08-15,4,806.0,1,4,1,6.2,6.1
P0018,2025-08-22,5,1007.0,0,5,1,7.7,1.9
P0018,2025-08-29,6,1103.0,2,5,1,6.5,4.9
P0018,2025-09-05,7,956.0,1,4,2,5.5,3.1
P0018,2025-09-12,8,796.0,2,5,3,8.5,1.4
P0018,2025-09-19,9,799.0,2,4,3,8.2,6.4
P0018,2025-09-26,10,852.0,1,4,1,9.6,4.8
P0018,2025-10-03,11,1140.0,0,4,2,5.2,8.0
P0018,2025-10-10,12,1167.0,1,5,3,9.1,2.3
P0019,2025-07-25,1,1219.0,2,5,3,6.3,5.0
P0019,2025-08-01,2,1216.0,1,5,2,6.9,6.0
P0019,2025-08-08,3,807.0,1,4,1,8.0,4.9
P0019,2025-08-15,4,850.0,1,4,2,5.7,2.3
P0019,2025-08-22,5,1323.0,1,4,1,9.4,5.6
P0019,2025-08-29,6,985.0,1,5,3,7.2,4.1
P0019,2025-09-05,7,1060.0,0,4,2,9.6,7.4
P0019,2025-09-12,8,1096.0,2,5,3,8.4,7.2
P0019,2025-09-19,9,897.0,1,6,3,9.9,7.2
P0019,2025-09-26,10,944.0,0,5,1,8.4,2.1
P0019,2025-10-03,11,767.0,2,5,1,5.4,1.0
P0019,2025-10-10,12,1044.0,0,6,1,6.7,2.3
P0020,2025-07-25,1,1045.0,0,4,1,6.0,1.5
P0020,2025-08-01,2,940.0,0,6,2,9.8,7.9
P0020,2025-08-08,3,986.0,1,5,1,5.4,5.3
P0020,2025-08-15,4,838.0,0,6,1,7.7,1.5
P0020,2025-08-22,5,1074.0,0,4,1,6.2,5.5
P0020,2025-08-29,6,831.0,1,5,2,7.5,7.8
P0020,2025-09-05,7,1151.0,1,4,2,7.3,7.2
P0020,2025-09-12,8,726.0,0,4,3,8.6,7.7
P0020,2025-09-19,9,762.0,0,6,1,7.1,4.1
P0020,2025-09-26,10,1037.0,2,4,1,5.4,1.5
P0020,2025-10-03,11,793.0,2,6,2,6.7,1.8
P0020,2025-10-10,12,756.0,1,5,2,9.1,1.7
P0021,2025-07-25,1,1246.0,2,5,2,8.2,5.5
P0021,2025-08-01,2,1328.0,1,5,2,8.5,5.1
P0021,2025-08-08,3,1332.0,0,6,3,8.3,6.0
P0021,2025-08-15,4,784.0,1,5,3,9.1,3.8
P0021,2025-08-22,5,845.0,1,4,1,8.4,3.5
P0021,2025-08-29,6,1252.0,2,4,2,5.3,2.5
P0021,2025-09-05,7,960.0,1,6,3,5.1,2.1
P0021,2025-09-12,8,1057.0,2,5,2,8.8,5.6
P0021,2025-09-19,9,1074.0,1,5,3,8.5,2.1
P0021,2025-09-26,10,1386.0,0,5,2,6.2,3.8
P0021,2025-10-03,11,790.0,2,4,2,5.2,5.6
P0021,2025-10-10,12,1292.0,1,6,2,5.8,7.0
P0022,2025-07-25,1,950.0,0,6,1,9.9,7.0
P0022,2025-08-01,2,1089.0,1,5,2,8.6,2.3
P0022,2025-08-08,3,935.0,2,6,3,8.7,3.7
P0022,2025-08-15,4,870.0,1,5,3,5.2,3.7
P0022,2025-08-22,5,770.0,0,5,1,6.5,7.4
P0022,2025-08-29,6,839.0,0,6,2,5.1,4.1
P0022,2025-09-05,7,691.0,0,5,2,5.7,3.6
P0022,2025-09-12,8,1069.0,2,4,3,7.9,2.4
P0022,2025-09-19,9,845.0,1,5,1,7.6,4.9
P0022,2025-09-26,10,1228.0,2,5,1,9.1,4.9
P0022,2025-10-03,11,827.0,2,6,3,8.0,1.8
P0022,2025-10-10,12,711.0,2,4,2,8.9,4.2
P0023,2025-07-25,1,1187.0,0,6,2,7.1,4.0
P0023,2025-08-01,2,832.0,1,6,1,7.4,3.3
P0023,2025-08-08,3,1202.0,0,5,3,9.8,4.2
P0023,2025-08-15,4,1005.0,2,6,3,9.2,7.8
P0023,2025-08-22,5,1022.0,0,6,2,8.8,2.4
P0023,2025-08-29,6,1316.0,2,6,3,9.0,6.5
P0023,2025-09-05,7,880.0,2,6,3,7.5,7.8
P0023,2025-09-12,8,1342.0,1,5,3,5.7,2.5
P0023,2025-09-19,9,1155.0,1,4,2,7.5,2.5
P0023,2025-09-26,10,916.0,0,6,2,5.7,4.6
P0023,2025-10-03,11,1239.0,1,4,2,6.7,4.9
P0023,2025-10-10,12,1109.0,2,6,1,7.3,6.5
P0024,2025-07-25,1,1118.0,1,6,1,5.1,3.2
P0024,2025-08-01,2,1055.0,1,6,3,9.2,5.6
P0024,2025-08-08,3,886.0,1,6,1,5.2,7.5
P0024,2025-08-15,4,884.0,1,6,2,8.8,2.6
P0024,2025-08-22,5,839.0,1,5,3,5.3,5.5
P0024,2025-08-29,6,1231.0,2,6,3,9.9,7.6
P0024,2025-09-05,7,1199.0,2,6,2,8.8,2.9
P0024,2025-09-12,8,960.0,0,6,2,5.9,3.9
P0024,2025-09-19,9,1146.0,2,5,2,10.0,3.8
P0024,2025-09-26,10,1041.0,0,4,3,8.5,7.6
P0024,2025-10-03,11,999.0,0,4,1,5.2,1.0
P0024,2025-10-10,12,728.0,0,5,3,7.4,6.0
P0025,2025-07-25,1,1004.0,0,4,1,5.7,2.7
P0025,2025-08-01,2,958.0,1,5,3,7.8,6.5
P0025,2025-08-08,3,940.0,1,4,2,7.7,1.8
P0025,2025-08-15,4,984.0,2,5,3,8.5,5.2
P0025,2025-08-22,5,802.0,1,6,3,8.8,5.7
P0025,2025-08-29,6,673.0,2,4,1,7.4,4.8
P0025,2025-09-05,7,956.0,1,6,1,8.6,5.2
P0025,2025-09-12,8,1027.0,1,4,3,8.9,3.5
P0025,2025-09-19,9,634.0,2,6,2,7.0,6.8
P0025,2025-09-26,10,911.0,0,4,3,5.4,5.4
P0025,2025-10-03,11,579.0,2,4,2,7.6,6.2
P0025,2025-10-10,12,989.0,2,5,3,5.4,4.9
P0026,2025-07-25,1,888.0,1,4,3,6.8,4.9
P0026,2025-08-01,2,1085.0,1,5,1,5.0,4.0
P0026,2025-08-08,3,808.0,0,4,1,6.4,4.6
P0026,2025-08-15,4,847.0,1,5,3,7.5,3.9
P0026,2025-08-22,5,1152.0,1,5,3,9.1,4.9
P0026,2025-08-29,6,1262.0,2,4,2,6.4,2.3
P0026,2025-09-05,7,1018.0,0,5,2,9.0,6.2
P0026,2025-09-12,8,1161.0,0,5,3,8.4,6.8
P0026,2025-09-19,9,716.0,0,6,2,5.7,4.9
P0026,2025-09-26,10,1234.0,1,6,2,9.6,5.4
P0026,2025-10-03,11,1034.0,2,4,2,8.8,4.3
P0026,2025-10-10,12,780.0,1,5,3,6.8,7.4
P0027,2025-07-25,1,1023.0,0,4,3,8.0,5.3
P0027,2025-08-01,2,1181.0,2,5,1,8.4,6.4
P0027,2025-08-08,3,1028.0,0,4,1,6.1,1.0
P0027,2025-08-15,4,1022.0,2,5,2,8.1,1.6
P0027,2025-08-22,5,1384.0,1,4,3,5.4,6.9
P0027,2025-08-29,6,866.0,2,4,2,9.6,4.3
P0027,2025-09-05,7,1207.0,1,5,1,6.9,2.8
P0027,2025-09-12,8,927.0,2,5,2,8.8,5.7
P0027,2025-09-19,9,974.0,0,5,3,8.8,7.0
P0027,2025-09-26,10,811.0,0,4,2,5.5,6.2
P0027,2025-10-03,11,906.0,2,5,1,9.2,7.5
P0027,2025-10-10,12,1333.0,2,5,1,6.9,3.7
P0028,2025-07-25,1,1158.0,2,6,2,9.5,7.1
P0028,2025-08-01,2,1121.0,2,5,1,5.2,6.7
P0028,2025-08-08,3,1051.0,1,4,2,7.4,7.3
P0028,2025-08-15,4,1301.0,1,4,2,7.2,2.8
P0028,2025-08-22,5,1204.0,1,4,2,8.8,7.5
P0028,2025-08-29,6,964.0,1,4,1,8.8,6.3
P0028,2025-09-05,7,1334.0,0,5,1,5.2,5.4
P0028,2025-09-12,8,1029.0,1,4,3,9.8,5.2
P0028,2025-09-19,9,1245.0,2,6,2,5.2,5.9
P0028,2025-09-26,10,939.0,2,6,2,6.4,4.5
P0028,2025-10-03,11,1392.0,1,4,3,9.8,2.5
P0028,2025-10-10,12,960.0,1,4,2,9.6,2.0
P0029,2025-07-25,1,925.0,1,6,1,8.1,2.6
P0029,2025-08-01,2,776.0,2,4,3,7.3,7.3
P0029,2025-08-08,3,1048.0,1,5,3,5.9,6.7
P0029,2025-08-15,4,1384.0,0,4,2,5.2,5.1
P0029,2025-08-22,5,928.0,2,4,3,6.2,7.1
P0029,2025-08-29,6,1269.0,2,6,1,9.7,6.7
P0029,2025-09-05,7,1198.0,1,5,1,6.4,2.4
P0029,2025-09-12,8,1070.0,2,6,3,9.5,1.1
P0029,2025-09-19,9,1007.0,2,6,2,7.1,1.1
P0029,2025-09-26,10,1186.0,2,5,3,8.3,3.2
P0029,2025-10-03,11,1007.0,0,6,2,9.8,3.9
P0029,2025-10-10,12,952.0,0,4,3,7.7,5.2
P0030,2025-07-25,1,919.0,2,4,2,8.5,2.6
P0030,2025-08-01,2,792.0,0,6,1,8.2,4.2
P0030,2025-08-08,3,956.0,1,6,1,7.5,1.7
P0030,2025-08-15,4,743.0,1,5,1,5.5,6.3
P0030,2025-08-22,5,659.0,0,6,2,8.6,1.5
P0030,2025-08-29,6,1103.0,1,5,2,8.2,4.0
P0030,2025-09-05,7,759.0,0,6,3,5.2,1.1
P0030,2025-09-12,8,714.0,1,6,1,5.2,4.3
P0030,2025-09-19,9,1161.0,0,4,2,9.5,7.2
P0030,2025-09-26,10,1122.0,0,5,1,6.2,3.0
P0030,2025-10-03,11,677.0,0,5,1,9.5,6.8
P0030,2025-10-10,12,955.0,2,5,1,7.0,7.4
P0031,2025-07-25,1,711.0,2,4,2,7.5,4.2
P0031,2025-08-01,2,927.0,2,4,3,7.4,4.0
P0031,2025-08-08,3,1115.0,2,5,1,7.1,5.4
P0031,2025-08-15,4,1042.0,2,6,2,6.9,3.6
P0031,2025-08-22,5,994.0,2,6,1,9.4,2.2
P0031,2025-08-29,6,717.0,1,4,3,5.1,7.2
P0031,2025-09-05,7,767.0,2,4,3,8.8,2.4
P0031,2025-09-12,8,771.0,2,6,1,6.1,7.0
P0031,2025-09-19,9,877.0,0,6,1,8.6,4.3
P0031,2025-09-26,10,920.0,0,5,1,5.6,5.0
P0031,2025-10-03,11,1141.0,2,4,2,7.5,2.2
P0031,2025-10-10,12,1030.0,2,6,2,8.6,7.8
P0032,2025-07-25,1,964.0,1,4,3,7.4,5.7
P0032,2025-08-01,2,1198.0,0,4,3,7.9,5.5
P0032,2025-08-08,3,1093.0,0,6,3,6.7,6.8
P0032,2025-08-15,4,974.0,1,4,1,7.4,3.2
P0032,2025-08-22,5,968.0,2,4,2,8.9,7.9
P0032,2025-08-29,6,802.0,1,4,3,9.6,6.6
P0032,2025-09-05,7,1411.0,0,5,1,7.9,4.5
P0032,2025-09-12,8,1378.0,2,4,3,8.4,5.7
P0032,2025-09-19,9,1425.0,1,6,1,9.6,1.4
P0032,2025-09-26,10,1032.0,1,6,2,8.9,6.0
P0032,2025-10-03,11,1124.0,1,6,3,9.2,3.5
P0032,2025-10-10,12,1079.0,1,5,1,7.3,6.2
P0033,2025-07-25,1,1204.0,0,4,3,5.8,7.7
P0033,2025-08-01,2,1204.0,2,6,1,5.0,3.2
P0033,2025-08-08,3,1210.0,1,4,1,8.9,4.8
P0033,2025-08-15,4,867.0,1,6,1,9.6,6.7
P0033,2025-08-22,5,850.0,1,5,2,8.6,1.0
P0033,2025-08-29,6,796.0,2,6,3,6.5,7.8
P0033,2025-09-05,7,950.0,0,4,3,8.5,4.7
P0033,2025-09-12,8,1079.0,0,6,3,6.0,4.9
P0033,2025-09-19,9,932.0,1,4,2,6.0,2.7
P0033,2025-09-26,10,1038.0,0,6,3,6.5,5.3
P0033,2025-10-03,11,998.0,1,5,1,5.8,6.5
P0033,2025-10-10,12,930.0,1,6,2,7.0,6.2
P0034,2025-07-25,1,1062.0,0,5,3,7.2,4.4
P0034,2025-08-01,2,1042.0,1,6,2,7.7,2.4
P0034,2025-08-08,3,722.0,1,4,3,5.4,6.5
P0034,2025-08-15,4,768.0,1,5,1,9.4,7.2
P0034,2025-08-22,5,1057.0,0,4,2,6.9,6.7
P0034,2025-08-29,6,762.0,1,4,1,9.5,4.5
P0034,2025-09-05,7,811.0,2,6,1,8.2,1.4
P0034,2025-09-12,8,701.0,2,5,3,9.3,5.6
P0034,2025-09-19,9,796.0,2,4,1,6.0,1.9
P0034,2025-09-26,10,1066.0,2,4,1,7.7,5.5
P0034,2025-10-03,11,852.0,1,5,1,7.5,5.5
P0034,2025-10-10,12,830.0,0,5,3,5.8,2.4
P0035,2025-07-25,1,1291.0,2,5,1,7.8,1.3
P0035,2025-08-01,2,811.0,0,6,1,8.9,2.7
P0035,2025-08-08,3,878.0,0,5,2,5.8,5.5
P0035,2025-08-15,4,1028.0,2,5,1,8.0,3.3
P0035,2025-08-22,5,1176.0,1,4,1,9.2,1.7
P0035,2025-08-29,6,1210.0,2,4,3,8.4,7.9
P0035,2025-09-05,7,1103.0,2,6,2,7.3,3.4
P0035,2025-09-12,8,1123.0,1,6,2,9.9,2.9
P0035,2025-09-19,9,1136.0,2,4,2,7.4,8.0
P0035,2025-09-26,10,1144.0,2,6,3,9.4,3.3
P0035,2025-10-03,11,879.0,1,4,2,6.9,1.1
P0035,2025-10-10,12,1020.0,0,4,2,5.1,1.1
P0036,2025-07-25,1,854.0,2,6,1,5.9,1.7
P0036,2025-08-01,2,617.0,1,5,2,9.3,6.6
P0036,2025-08-08,3,658.0,2,5,1,9.6,3.3
P0036,2025-08-15,4,843.0,0,6,3,8.5,6.4
P0036,2025-08-22,5,715.0,1,4,1,5.5,6.9
P0036,2025-08-29,6,1003.0,0,5,2,6.2,1.1
P0036,2025-09-05,7,710.0,0,6,2,6.5,4.6
P0036,2025-09-12,8,969.0,1,6,1,8.9,2.5
P0036,2025-09-19,9,624.0,0,6,1,9.0,4.0
P0036,2025-09-26,10,820.0,2,4,1,6.4,1.9
P0036,2025-10-03,11,872.0,2,4,3,8.9,3.3
P0036,2025-10-10,12,754.0,0,5,3,8.5,4.7
P0037,2025-07-25,1,1309.0,1,6,3,7.1,6.3
P0037,2025-08-01,2,1241.0,2,4,2,5.2,6.2
P0037,2025-08-08,3,1366.0,2,5,3,8.0,4.0
P0037,2025-08-15,4,1062.0,2,5,3,8.0,6.7
P0037,2025-08-22,5,1413.0,0,4,3,6.6,5.6
P0037,2025-08-29,6,1269.0,0,5,1,5.8,4.0
P0037,2025-09-05,7,1112.0,1,6,1,8.2,1.5
P0037,2025-09-12,8,1096.0,1,5,3,6.5,7.8
P0037,2025-09-19,9,911.0,2,6,2,9.7,4.6
P0037,2025-09-26,10,1535.0,0,6,1,7.0,3.2
P0037,2025-10-03,11,1006.0,1,5,1,6.5,3.5
P0037,2025-10-10,12,1470.0,1,6,2,9.3,3.0
P0038,2025-07-25,1,705.0,2,4,2,7.8,4.7
P0038,2025-08-01,2,777.0,0,4,2,6.1,7.1
P0038,2025-08-08,3,861.0,2,4,1,8.2,4.5
P0038,2025-08-15,4,618.0,1,5,2,5.3,4.9
P0038,2025-08-22,5,719.0,0,5,3,9.6,3.8
P0038,2025-08-29,6,717.0,0,6,2,5.1,3.1
P0038,2025-09-05,7,957.0,2,6,1,5.7,3.4
P0038,2025-09-12,8,812.0,0,5,3,7.5,1.0
P0038,2025-09-19,9,666.0,2,6,2,6.5,6.0
P0038,2025-09-26,10,638.0,1,5,1,8.7,2.5
P0038,2025-10-03,11,801.0,0,4,2,8.8,6.3
P0038,2025-10-10,12,748.0,0,5,3,7.4,2.8
P0039,2025-07-25,1,1059.0,1,5,2,9.5,6.9
P0039,2025-08-01,2,1349.0,0,6,2,6.8,3.2
P0039,2025-08-08,3,1288.0,0,6,1,7.7,4.1
P0039,2025-08-15,4,1081.0,1,5,2,8.7,4.6
P0039,2025-08-22,5,1173.0,2,4,1,5.0,2.7
P0039,2025-08-29,6,1169.0,2,6,3,6.1,2.4
P0039,2025-09-05,7,842.0,2,6,1,8.5,5.0
P0039,2025-09-12,8,1323.0,1,4,3,9.8,2.7
P0039,2025-09-19,9,1186.0,0,5,2,7.3,1.5
P0039,2025-09-26,10,1228.0,1,5,2,9.8,2.4
P0039,2025-10-03,11,1280.0,0,6,2,6.9,2.3
P0039,2025-10-10,12,1005.0,0,4,1,5.3,3.6
P0040,2025-07-25,1,1341.0,1,5,1,8.3,1.8
P0040,2025-08-01,2,1155.0,2,4,2,5.7,7.3
P0040,2025-08-08,3,945.0,1,5,3,6.0,1.1
P0040,2025-08-15,4,945.0,1,5,3,5.5,8.0
P0040,2025-08-22,5,962.0,1,4,1,7.3,2.2
P0040,2025-08-29,6,1208.0,0,4,2,8.8,5.3
P0040,2025-09-05,7,1027.0,2,4,1,5.7,4.4
P0040,2025-09-12,8,1047.0,2,4,2,8.8,1.6
P0040,2025-09-19,9,1223.0,1,6,3,7.6,2.8
P0040,2025-09-26,10,1267.0,1,5,3,6.4,6.3
P0040,2025-10-03,11,803.0,0,5,1,6.7,6.0
P0040,2025-10-10,12,815.0,0,4,3,6.3,2.8
P0041,2025-07-25,1,1214.0,0,4,2,7.4,5.2
P0041,2025-08-01,2,1098.0,1,4,3,5.0,7.2
P0041,2025-08-08,3,962.0,2,6,3,8.7,6.6
P0041,2025-08-15,4,917.0,2,5,3,9.6,5.9
P0041,2025-08-22,5,1265.0,1,5,2,6.2,7.3
P0041,2025-08-29,6,1359.0,0,6,3,6.7,6.7
P0041,2025-09-05,7,869.0,0,5,3,8.4,2.8
P0041,2025-09-12,8,794.0,0,4,2,6.8,6.9
P0041,2025-09-19,9,826.0,1,6,1,8.3,1.4
P0041,2025-09-26,10,892.0,1,6,2,8.9,3.2
P0041,2025-10-03,11,1020.0,2,5,3,8.5,5.0
P0041,2025-10-10,12,1377.0,0,4,2,7.5,1.4
P0042,2025-07-25,1,1403.0,1,4,2,7.5,1.2
P0042,2025-08-01,2,1383.0,0,5,3,9.8,2.4
P0042,2025-08-08,3,811.0,0,4,2,7.5,7.8
P0042,2025-08-15,4,1152.0,1,5,3,8.9,1.3
P0042,2025-08-22,5,1037.0,1,4,1,7.8,1.7
P0042,2025-08-29,6,859.0,2,5,2,9.7,1.4
P0042,2025-09-05,7,1103.0,0,5,3,5.5,4.1
P0042,2025-09-12,8,961.0,0,4,2,5.7,6.7
P0042,2025-09-19,9,1172.0,1,4,3,8.4,4.0
P0042,2025-09-26,10,1311.0,1,6,2,8.8,4.7
P0042,2025-10-03,11,1015.0,1,5,1,7.9,3.0
P0042,2025-10-10,12,1373.0,0,6,1,9.2,3.8
P0043,2025-07-25,1,1301.0,0,6,2,5.4,3.7
P0043,2025-08-01,2,1080.0,2,6,1,8.2,2.6
P0043,2025-08-08,3,1161.0,1,4,3,5.5,6.8
P0043,2025-08-15,4,934.0,0,4,3,7.5,1.9
P0043,2025-08-22,5,1298.0,2,6,3,7.7,6.5
P0043,2025-08-29,6,1016.0,0,4,1,7.1,6.9
P0043,2025-09-05,7,854.0,2,4,2,9.0,3.1
P0043,2025-09-12,8,869.0,2,5,2,7.5,5.3
P0043,2025-09-19,9,881.0,1,5,2,6.6,1.2
P0043,2025-09-26,10,1172.0,0,5,1,9.6,6.6
P0043,2025-10-03,11,854.0,0,6,1,6.0,6.4
P0043,2025-10-10,12,978.0,2,5,3,8.0,7.0
P0044,2025-07-25,1,929.0,0,5,3,8.3,3.2
P0044,2025-08-01,2,838.0,0,5,1,9.1,3.5
P0044,2025-08-08,3,1169.0,2,6,1,5.9,6.4
P0044,2025-08-15,4,784.0,0,6,1,9.3,3.8
P0044,2025-08-22,5,1054.0,1,5,2,6.6,4.7
P0044,2025-08-29,6,932.0,2,6,2,6.9,2.2
P0044,2025-09-05,7,1173.0,1,6,2,5.7,3.7
P0044,2025-09-12,8,890.0,0,5,2,9.7,6.2
P0044,2025-09-19,9,916.0,1,5,2,8.0,7.2
P0044,2025-09-26,10,859.0,1,6,1,5.2,7.1
P0044,2025-10-03,11,1041.0,0,6,1,8.4,2.2
P0044,2025-10-10,12,994.0,2,6,1,8.5,2.8
P0045,2025-07-25,1,1222.0,2,4,3,8.0,3.2
P0045,2025-08-01,2,861.0,2,5,1,9.3,5.7
P0045,2025-08-08,3,1526.0,2,5,3,9.4,3.8
P0045,2025-08-15,4,1153.0,0,6,2,8.4,7.5
P0045,2025-08-22,5,1105.0,2,6,2,5.3,5.7
P0045,2025-08-29,6,875.0,2,4,3,7.8,2.0
P0045,2025-09-05,7,1155.0,1,6,1,7.4,2.3
P0045,2025-09-12,8,835.0,1,5,3,9.7,5.3
P0045,2025-09-19,9,1004.0,2,5,1,9.4,2.8
P0045,2025-09-26,10,910.0,0,5,1,8.6,1.3
P0045,2025-10-03,11,1097.0,2,4,2,8.7,4.8
P0045,2025-10-10,12,1435.0,2,5,2,7.2,4.0
P0046,2025-07-25,1,715.0,1,4,1,6.3,2.9
P0046,2025-08-01,2,951.0,2,4,1,5.5,1.3
P0046,2025-08-08,3,757.0,1,5,1,7.8,3.5
P0046,2025-08-15,4,1075.0,1,5,2,6.5,4.7
P0046,2025-08-22,5,794.0,0,6,2,6.1,1.4
P0046,2025-08-29,6,667.0,2,5,3,6.9,4.1
P0046,2025-09-05,7,825.0,2,5,1,7.3,5.5
P0046,2025-09-12,8,1068.0,0,4,2,6.7,4.3
P0046,2025-09-19,9,747.0,1,4,2,5.3,8.0
P0046,2025-09-26,10,624.0,1,6,3,9.8,3.2
P0046,2025-10-03,11,795.0,2,6,2,9.5,4.6
P0046,2025-10-10,12,823.0,0,6,3,7.1,2.2
P0047,2025-07-25,1,1001.0,0,4,3,5.6,7.7
P0047,2025-08-01,2,775.0,0,6,3,9.4,5.5
P0047,2025-08-08,3,915.0,1,5,2,7.1,7.1
P0047,2025-08-15,4,964.0,1,5,2,7.8,2.1
P0047,2025-08-22,5,746.0,2,5,2,8.9,1.9
P0047,2025-08-29,6,648.0,1,5,3,8.1,2.0
P0047,2025-09-05,7,670.0,2,5,1,9.3,1.2
P0047,2025-09-12,8,897.0,2,5,1,9.2,3.2
P0047,2025-09-19,9,1066.0,0,5,3,9.8,1.5
P0047,2025-09-26,10,882.0,1,6,2,6.6,4.7
P0047,2025-10-03,11,621.0,0,6,1,5.4,6.9
P0047,2025-10-10,12,952.0,2,5,2,9.7,4.9
P0048,2025-07-25,1,1242.0,1,4,3,5.2,6.1
P0048,2025-08-01,2,1457.0,0,6,2,6.9,3.3
P0048,2025-08-08,3,987.0,1,5,2,8.4,6.2
P0048,2025-08-15,4,1407.0,2,4,3,5.9,5.0
P0048,2025-08-22,5,1340.0,0,5,1,7.6,5.3
P0048,2025-08-29,6,1397.0,0,5,2,9.5,7.4
P0048,2025-09-05,7,1367.0,0,4,1,9.6,8.0
P0048,2025-09-12,8,947.0,1,5,1,5.2,6.9
P0048,2025-09-19,9,995.0,0,4,2,7.1,4.1
P0048,2025-09-26,10,867.0,1,5,2,7.5,5.9
P0048,2025-10-03,11,1011.0,1,4,1,5.1,5.5
P0048,2025-10-10,12,1097.0,2,4,3,5.6,5.4
P0049,2025-07-25,1,783.0,2,4,1,7.3,4.8
P0049,2025-08-01,2,1063.0,1,6,2,9.4,2.2
P0049,2025-08-08,3,921.0,2,4,3,6.6,7.7
P0049,2025-08-15,4,876.0,1,5,2,7.8,6.0
P0049,2025-08-22,5,1194.0,2,6,1,9.8,1.2
P0049,2025-08-29,6,893.0,0,4,2,6.4,3.1
P0049,2025-09-05,7,1029.0,2,5,1,8.0,2.5
P0049,2025-09-12,8,862.0,0,5,2,7.7,6.3
P0049,2025-09-19,9,1116.0,2,6,1,9.3,4.1
P0049,2025-09-26,10,700.0,2,6,2,5.3,2.0
P0049,2025-10-03,11,1076.0,1,4,2,5.3,5.3
P0049,2025-10-10,12,702.0,1,6,2,9.5,4.3
P0050,2025-07-25,1,849.0,1,6,3,5.1,4.2
P0050,2025-08-01,2,793.0,0,5,3,6.7,1.8
P0050,2025-08-08,3,736.0,1,6,2,5.3,7.7
P0050,2025-08-15,4,800.0,2,5,3,9.0,6.2
P0050,2025-08-22,5,894.0,1,6,3,8.9,5.2
P0050,2025-08-29,6,990.0,0,6,3,8.9,7.0
P0050,2025-09-05,7,721.0,0,4,3,8.5,5.4
P0050,2025-09-12,8,803.0,0,5,2,5.1,6.8
P0050,2025-09-19,9,798.0,0,4,3,5.8,5.0
P0050,2025-09-26,10,904.0,2,5,1,8.7,7.4
P0050,2025-10-03,11,1232.0,1,6,1,9.8,7.6
P0050,2025-10-10,12,801.0,0,4,2,8.6,2.3
P0051,2025-07-25,1,1225.0,2,6,1,9.0,1.9
P0051,2025-08-01,2,734.0,2,6,1,6.6,1.3
P0051,2025-08-08,3,878.0,2,6,2,8.8,7.6
P0051,2025-08-15,4,721.0,1,4,3,5.7,2.5
P0051,2025-08-22,5,1003.0,1,5,3,7.2,7.4
P0051,2025-08-29,6,929.0,1,6,3,8.5,7.1
P0051,2025-09-05,7,891.0,2,4,2,8.0,5.8
P0051,2025-09-12,8,833.0,0,4,2,9.9,3.8
P0051,2025-09-19,9,677.0,1,6,3,8.1,6.5
P0051,2025-09-26,10,817.0,2,5,1,6.3,4.1
P0051,2025-10-03,11,1178.0,2,5,3,7.1,6.9
P0051,2025-10-10,12,1010.0,0,6,2,9.4,6.9
P0052,2025-07-25,1,1025.0,1,5,2,5.5,3.9
P0052,2025-08-01,2,1031.0,2,4,1,8.0,3.0
P0052,2025-08-08,3,1004.0,0,5,3,9.7,4.7
P0052,2025-08-15,4,1399.0,2,4,3,8.4,1.1
P0052,2025-08-22,5,1150.0,0,6,3,7.3,6.7
P0052,2025-08-29,6,1172.0,2,6,2,6.7,7.3
P0052,2025-09-05,7,886.0,1,6,3,6.1,4.1
P0052,2025-09-12,8,1156.0,2,4,1,7.1,1.1
P0052,2025-09-19,9,1420.0,0,5,1,5.1,3.8
P0052,2025-09-26,10,1507.0,1,5,3,9.3,2.7
P0052,2025-10-03,11,874.0,0,4,2,9.7,5.8
P0052,2025-10-10,12,1001.0,1,5,1,5.3,2.5
P0053,2025-07-25,1,1378.0,2,4,2,5.9,5.3
P0053,2025-08-01,2,1205.0,1,4,3,8.0,3.7
P0053,2025-08-08,3,1098.0,2,6,1,8.4,2.7
P0053,2025-08-15,4,1108.0,0,5,3,8.4,7.8
P0053,2025-08-22,5,1251.0,2,5,3,7.7,1.4
P0053,2025-08-29,6,996.0,1,5,3,6.5,7.2
P0053,2025-09-05,7,1173.0,2,5,2,9.2,7.2
P0053,2025-09-12,8,845.0,0,6,1,8.1,1.0
P0053,2025-09-19,9,1335.0,2,6,3,8.7,5.4
P0053,2025-09-26,10,982.0,0,6,3,9.3,5.8
P0053,2025-10-03,11,754.0,2,5,2,7.9,6.3
P0053,2025-10-10,12,813.0,2,4,3,9.9,1.6
P0054,2025-07-25,1,1428.0,1,4,1,9.3,7.3
P0054,2025-08-01,2,1155.0,2,5,3,5.6,6.7
P0054,2025-08-08,3,1138.0,0,5,3,7.5,7.6
P0054,2025-08-15,4,1184.0,0,6,1,8.6,6.7
P0054,2025-08-22,5,1275.0,2,4,1,6.1,3.4
P0054,2025-08-29,6,1144.0,2,4,3,6.7,1.9
P0054,2025-09-05,7,864.0,1,6,3,6.7,5.2
P0054,2025-09-12,8,936.0,2,4,2,6.4,4.1
P0054,2025-09-19,9,866.0,2,6,2,5.8,5.5
P0054,2025-09-26,10,1439.0,1,5,1,5.5,2.8
P0054,2025-10-03,11,1423.0,2,4,1,7.6,2.7
P0054,2025-10-10,12,1037.0,0,6,3,9.8,3.2
P0055,2025-07-25,1,983.0,0,6,2,5.8,5.9
P0055,2025-08-01,2,850.0,0,6,3,9.7,6.6
P0055,2025-08-08,3,922.0,2,4,3,9.7,1.9
P0055,2025-08-15,4,749.0,2,5,2,6.0,7.8
P0055,2025-08-22,5,711.0,2,5,2,7.0,5.9
P0055,2025-08-29,6,872.0,0,6,3,5.3,1.3
P0055,2025-09-05,7,765.0,0,5,1,6.4,4.2
P0055,2025-09-12,8,965.0,1,5,1,5.7,5.9
P0055,2025-09-19,9,710.0,0,4,2,8.8,6.9
P0055,2025-09-26,10,770.0,1,6,1,9.4,1.2
P0055,2025-10-03,11,925.0,1,4,2,9.1,3.5
P0055,2025-10-10,12,1043.0,2,5,3,9.4,5.3
P0056,2025-07-25,1,1039.0,1,6,3,9.1,3.7
P0056,2025-08-01,2,837.0,2,5,3,6.1,1.3
P0056,2025-08-08,3,722.0,0,6,1,5.1,3.4
P0056,2025-08-15,4,644.0,0,4,3,7.0,3.9
P0056,2025-08-22,5,657.0,2,4,1,7.7,2.5
P0056,2025-08-29,6,653.0,1,6,3,8.7,3.0
P0056,2025-09-05,7,972.0,1,5,3,5.5,4.1
P0056,2025-09-12,8,933.0,0,4,2,9.4,1.3
P0056,2025-09-19,9,655.0,2,6,1,9.9,4.9
P0056,2025-09-26,10,802.0,2,5,2,6.7,2.0
P0056,2025-10-03,11,885.0,1,6,3,8.0,7.0
P0056,2025-10-10,12,630.0,1,5,1,6.0,3.8
P0057,2025-07-25,1,779.0,1,4,3,8.8,2.2
P0057,2025-08-01,2,1204.0,2,5,2,9.9,2.4
P0057,2025-08-08,3,1247.0,2,5,3,5.5,6.0
P0057,2025-08-15,4,862.0,0,4,3,9.5,6.6
P0057,2025-08-22,5,904.0,0,4,3,6.5,3.3
P0057,2025-08-29,6,1006.0,0,5,1,10.0,1.3
P0057,2025-09-05,7,833.0,2,5,1,6.2,1.8
P0057,2025-09-12,8,1066.0,0,4,3,7.9,7.6
P0057,2025-09-19,9,1276.0,1,6,1,9.5,4.6
P0057,2025-09-26,10,1167.0,1,6,3,9.3,5.5
P0057,2025-10-03,11,1012.0,2,4,2,5.3,1.1
P0057,2025-10-10,12,745.0,0,6,2,6.2,2.5
P0058,2025-07-25,1,1107.0,1,5,3,5.2,2.1
P0058,2025-08-01,2,797.0,2,5,3,7.8,6.0
P0058,2025-08-08,3,974.0,0,4,3,8.7,5.6
P0058,2025-08-15,4,717.0,0,4,3,5.0,7.9
P0058,2025-08-22,5,694.0,2,4,1,5.3,5.7
P0058,2025-08-29,6,1113.0,0,4,2,6.4,5.7
P0058,2025-09-05,7,1061.0,1,6,3,8.6,1.4
P0058,2025-09-12,8,615.0,1,6,1,9.7,2.4
P0058,2025-09-19,9,683.0,2,5,3,7.8,2.6
P0058,2025-09-26,10,989.0,0,5,1,7.2,6.5
P0058,2025-10-03,11,1020.0,0,6,2,6.2,2.7
P0058,2025-10-10,12,1051.0,2,5,2,9.0,6.4
P0059,2025-07-25,1,1418.0,2,5,2,9.4,5.4
P0059,2025-08-01,2,1367.0,0,4,2,8.0,7.2
P0059,2025-08-08,3,1249.0,2,6,1,9.1,3.2
P0059,2025-08-15,4,1455.0,2,6,3,8.8,4.9
P0059,2025-08-22,5,875.0,1,6,2,6.4,5.4
P0059,2025-08-29,6,1356.0,1,5,3,7.9,7.9
P0059,2025-09-05,7,1202.0,2,4,2,8.5,6.0
P0059,2025-09-12,8,1102.0,0,4,2,8.1,6.8
P0059,2025-09-19,9,1430.0,0,4,1,6.4,2.0
P0059,2025-09-26,10,875.0,0,4,1,5.6,6.9
P0059,2025-10-03,11,1445.0,0,5,2,7.0,5.7
P0059,2025-10-10,12,831.0,0,6,3,6.7,3.1
P0060,2025-07-25,1,816.0,2,6,2,8.5,5.6
P0060,2025-08-01,2,1120.0,0,5,1,9.8,8.0
P0060,2025-08-08,3,1254.0,2,4,2,7.1,7.0
P0060,2025-08-15,4,1249.0,0,5,2,5.7,1.8
P0060,2025-08-22,5,803.0,2,6,2,8.7,5.8
P0060,2025-08-29,6,982.0,1,5,2,8.7,4.2
P0060,2025-09-05,7,985.0,2,6,2,8.4,5.0
P0060,2025-09-12,8,823.0,2,4,2,6.9,6.4
P0060,2025-09-19,9,1114.0,0,6,2,7.4,1.6
P0060,2025-09-26,10,857.0,0,4,3,8.8,3.6
P0060,2025-10-03,11,886.0,2,4,2,7.7,6.1
P0060,2025-10-10,12,1428.0,0,6,2,8.5,6.8
P0061,2025-07-25,1,1445.0,0,5,3,7.6,7.4
P0061,2025-08-01,2,1532.0,0,6,1,7.9,7.3
P0061,2025-08-08,3,1406.0,2,4,3,8.8,1.7
P0061,2025-08-15,4,1067.0,2,4,1,5.8,7.0
P0061,2025-08-22,5,1158.0,0,4,3,6.4,2.0
P0061,2025-08-29,6,840.0,2,5,3,7.1,7.8
P0061,2025-09-05,7,1357.0,0,6,1,5.5,2.1
P0061,2025-09-12,8,1526.0,0,5,1,5.0,7.1
P0061,2025-09-19,9,1058.0,1,5,3,7.7,7.2
P0061,2025-09-26,10,1325.0,0,6,2,7.6,7.5
P0061,2025-10-03,11,1145.0,1,4,1,9.9,7.7
P0061,2025-10-10,12,1073.0,2,5,2,9.4,2.8
P0062,2025-07-25,1,850.0,2,6,3,5.9,1.5
P0062,2025-08-01,2,971.0,1,6,3,9.9,4.1
P0062,2025-08-08,3,761.0,1,6,1,8.5,2.8
P0062,2025-08-15,4,1317.0,0,6,3,9.4,4.8
P0062,2025-08-22,5,871.0,2,5,1,6.0,5.4
P0062,2025-08-29,6,945.0,2,6,2,8.6,1.7
P0062,2025-09-05,7,969.0,2,4,2,5.8,2.9
P0062,2025-09-12,8,928.0,2,5,2,8.6,4.6
P0062,2025-09-19,9,973.0,0,5,1,7.8,7.7
P0062,2025-09-26,10,1215.0,1,6,3,5.9,1.2
P0062,2025-10-03,11,1141.0,2,5,2,8.2,7.8
P0062,2025-10-10,12,765.0,1,6,1,9.8,3.8
P0063,2025-07-25,1,1441.0,1,5,3,8.4,1.2
P0063,2025-08-01,2,1237.0,0,6,2,6.1,1.5
P0063,2025-08-08,3,1027.0,2,4,3,7.2,2.8
P0063,2025-08-15,4,1349.0,1,5,1,5.7,6.9
P0063,2025-08-22,5,1258.0,2,4,3,6.7,7.3
P0063,2025-08-29,6,858.0,0,5,2,9.9,6.6
P0063,2025-09-05,7,1036.0,1,5,3,7.2,7.8
P0063,2025-09-12,8,1496.0,1,6,1,8.5,7.3
P0063,2025-09-19,9,990.0,1,6,2,8.9,6.3
P0063,2025-09-26,10,1069.0,1,4,2,5.8,3.3
P0063,2025-10-03,11,1189.0,1,6,3,7.9,2.4
P0063,2025-10-10,12,1385.0,1,4,2,6.2,7.2
P0064,2025-07-25,1,1161.0,2,5,2,9.0,5.3
P0064,2025-08-01,2,735.0,1,5,2,8.9,2.5
P0064,2025-08-08,3,939.0,0,5,3,8.9,6.2
P0064,2025-08-15,4,1076.0,0,6,1,5.4,6.6
P0064,2025-08-22,5,801.0,2,5,1,8.9,6.9
P0064,2025-08-29,6,1015.0,1,4,1,7.7,2.6
P0064,2025-09-05,7,875.0,0,5,3,7.2,2.9
P0064,2025-09-12,8,737.0,2,6,2,8.1,6.9
P0064,2025-09-19,9,783.0,2,5,1,7.6,6.7
P0064,2025-09-26,10,997.0,0,5,2,7.7,3.9
P0064,2025-10-03,11,718.0,2,4,3,8.2,6.7
P0064,2025-10-10,12,710.0,0,6,3,6.2,7.6
P0065,2025-07-25,1,974.0,1,4,1,7.4,7.5
P0065,2025-08-01,2,1186.0,0,4,3,8.3,7.8
P0065,2025-08-08,3,1132.0,2,4,3,7.9,3.5
P0065,2025-08-15,4,777.0,2,6,2,8.1,4.7
P0065,2025-08-22,5,1126.0,1,4,2,7.5,5.8
P0065,2025-08-29,6,704.0,0,5,2,5.8,4.3
P0065,2025-09-05,7,703.0,2,4,1,7.3,4.3
P0065,2025-09-12,8,790.0,0,5,3,8.1,7.8
P0065,2025-09-19,9,709.0,1,4,3,5.2,5.2
P0065,2025-09-26,10,991.0,0,4,2,10.0,1.7
P0065,2025-10-03,11,677.0,1,4,3,5.5,1.8
P0065,2025-10-10,12,666.0,2,6,3,5.0,6.4
P0066,2025-07-25,1,957.0,0,6,3,7.7,6.6
P0066,2025-08-01,2,928.0,1,5,2,9.8,3.1
P0066,2025-08-08,3,1136.0,0,4,1,8.8,1.7
P0066,2025-08-15,4,1024.0,0,4,2,6.8,5.3
P0066,2025-08-22,5,677.0,1,5,2,9.2,7.7
P0066,2025-08-29,6,636.0,1,5,3,9.1,5.3
P0066,2025-09-05,7,1112.0,2,5,1,8.6,5.5
P0066,2025-09-12,8,1134.0,1,5,3,6.7,3.7
P0066,2025-09-19,9,1082.0,1,5,3,9.9,4.3
P0066,2025-09-26,10,750.0,1,6,3,7.5,4.0
P0066,2025-10-03,11,1117.0,0,6,2,6.7,5.4
P0066,2025-10-10,12,1094.0,1,6,3,7.1,5.7
P0067,2025-07-25,1,847.0,1,5,1,6.8,3.2
P0067,2025-08-01,2,1324.0,2,4,1,7.0,4.2
P0067,2025-08-08,3,1483.0,1,4,1,9.4,1.1
P0067,2025-08-15,4,1293.0,1,6,1,9.6,2.4
P0067,2025-08-22,5,1273.0,2,5,2,9.8,3.4
P0067,2025-08-29,6,910.0,2,6,2,9.0,2.1
P0067,2025-09-05,7,1306.0,0,6,1,9.7,7.1
P0067,2025-09-12,8,882.0,0,6,3,5.3,2.4
P0067,2025-09-19,9,1304.0,0,6,2,7.7,7.7
P0067,2025-09-26,10,1190.0,1,6,2,8.9,2.0
P0067,2025-10-03,11,1166.0,1,6,3,6.3,3.3
P0067,2025-10-10,12,890.0,2,5,3,6.8,3.0
P0068,2025-07-25,1,1353.0,0,4,3,9.8,5.0
P0068,2025-08-01,2,897.0,0,6,2,5.3,6.0
P0068,2025-08-08,3,1141.0,2,6,2,7.9,4.5
P0068,2025-08-15,4,1116.0,0,4,3,7.3,7.7
P0068,2025-08-22,5,962.0,1,6,1,5.6,6.2
P0068,2025-08-29,6,873.0,0,6,3,5.0,2.8
P0068,2025-09-05,7,1149.0,0,6,1,7.1,2.9
P0068,2025-09-12,8,1459.0,2,6,2,6.1,7.8
P0068,2025-09-19,9,1446.0,2,6,2,9.9,2.0
P0068,2025-09-26,10,854.0,2,5,3,8.9,3.6
P0068,2025-10-03,11,1445.0,0,4,3,8.3,2.9
P0068,2025-10-10,12,1171.0,1,4,3,7.6,7.0
P0069,2025-07-25,1,1287.0,2,5,3,9.4,4.9
P0069,2025-08-01,2,1004.0,2,6,2,6.5,2.9
P0069,2025-08-08,3,918.0,2,4,3,8.1,2.1
P0069,2025-08-15,4,1234.0,2,4,1,7.1,4.2
P0069,2025-08-22,5,1386.0,1,5,3,9.0,4.9
P0069,2025-08-29,6,1080.0,0,6,2,7.1,3.0
P0069,2025-09-05,7,948.0,0,6,1,8.9,3.1
P0069,2025-09-12,8,999.0,1,4,1,6.6,6.3
P0069,2025-09-19,9,1147.0,1,6,3,6.5,3.3
P0069,2025-09-26,10,1309.0,0,4,1,6.9,2.9
P0069,2025-10-03,11,889.0,1,6,2,6.9,1.1
P0069,2025-10-10,12,1150.0,2,5,1,7.5,6.9
P0070,2025-07-25,1,1014.0,1,6,2,6.7,1.9
P0070,2025-08-01,2,720.0,1,4,3,7.7,6.4
P0070,2025-08-08,3,1164.0,2,5,1,6.5,5.7
P0070,2025-08-15,4,1086.0,2,5,1,7.3,2.8
P0070,2025-08-22,5,723.0,1,6,2,6.4,3.1
P0070,2025-08-29,6,886.0,2,5,1,7.3,7.9
P0070,2025-09-05,7,924.0,0,5,3,9.2,5.5
P0070,2025-09-12,8,911.0,2,4,2,9.1,7.9
P0070,2025-09-19,9,865.0,1,6,3,6.0,5.6
P0070,2025-09-26,10,708.0,1,4,3,6.0,4.8
P0070,2025-10-03,11,1170.0,0,6,1,7.1,7.6
P0070,2025-10-10,12,803.0,1,5,3,9.0,3.1
P0071,2025-07-25,1,1066.0,2,6,3,7.6,1.8
P0071,2025-08-01,2,1406.0,1,5,2,8.4,5.5
P0071,2025-08-08,3,1334.0,1,6,2,6.9,3.9
P0071,2025-08-15,4,1199.0,2,5,2,8.6,1.4
P0071,2025-08-22,5,1139.0,1,5,3,7.7,4.5
P0071,2025-08-29,6,963.0,2,4,3,6.8,1.7
P0071,2025-09-05,7,1133.0,1,4,1,9.0,7.4
P0071,2025-09-12,8,1253.0,1,6,1,6.3,2.5
P0071,2025-09-19,9,1259.0,0,6,3,9.4,5.5
P0071,2025-09-26,10,1013.0,1,5,2,7.5,2.9
P0071,2025-10-03,11,1069.0,2,4,1,7.4,4.3
P0071,2025-10-10,12,1013.0,1,4,1,8.0,7.3
P0072,2025-07-25,1,1326.0,2,6,1,5.2,2.8
P0072,2025-08-01,2,943.0,1,4,3,7.6,6.8
P0072,2025-08-08,3,1137.0,0,5,2,7.8,6.1
P0072,2025-08-15,4,1035.0,1,6,3,7.4,5.2
P0072,2025-08-22,5,812.0,2,5,1,7.8,2.9
P0072,2025-08-29,6,823.0,0,5,2,8.6,6.7
P0072,2025-09-05,7,1030.0,0,4,2,9.9,2.9
P0072,2025-09-12,8,864.0,1,4,3,7.1,2.2
P0072,2025-09-19,9,894.0,1,4,1,6.4,4.2
P0072,2025-09-26,10,950.0,2,6,3,5.0,4.8
P0072,2025-10-03,11,1279.0,2,6,2,9.4,4.0
P0072,2025-10-10,12,1110.0,1,5,3,9.3,2.1
P0073,2025-07-25,1,1059.0,2,4,2,5.5,5.1
P0073,2025-08-01,2,781.0,1,5,1,6.5,6.3
P0073,2025-08-08,3,1226.0,1,5,3,5.6,4.1
P0073,2025-08-15,4,1318.0,1,6,3,9.6,5.5
P0073,2025-08-22,5,859.0,1,6,1,6.1,7.9
P0073,2025-08-29,6,1107.0,0,5,3,6.3,2.0
P0073,2025-09-05,7,999.0,2,6,3,5.5,6.3
P0073,2025-09-12,8,778.0,1,5,1,9.4,2.3
P0073,2025-09-19,9,1260.0,2,5,2,6.6,5.5
P0073,2025-09-26,10,1028.0,0,5,2,5.6,1.5
P0073,2025-10-03,11,1225.0,2,5,3,8.1,2.2
P0073,2025-10-10,12,762.0,0,4,1,9.6,6.7
P0074,2025-07-25,1,1227.0,1,5,1,7.0,4.9
P0074,2025-08-01,2,1139.0,0,6,2,7.3,2.6
P0074,2025-08-08,3,1080.0,2,4,1,5.0,1.2
P0074,2025-08-15,4,1064.0,0,5,3,9.5,2.7
P0074,2025-08-22,5,774.0,1,6,2,5.1,1.8
P0074,2025-08-29,6,1217.0,0,6,1,8.6,6.6
P0074,2025-09-05,7,1130.0,1,5,3,6.1,3.3
P0074,2025-09-12,8,810.0,2,4,3,7.7,4.0
P0074,2025-09-19,9,888.0,2,4,1,6.5,3.5
P0074,2025-09-26,10,1159.0,2,6,3,9.1,3.4
P0074,2025-10-03,11,837.0,1,5,2,9.6,6.3
P0074,2025-10-10,12,1014.0,1,5,1,8.1,1.0
P0075,2025-07-25,1,725.0,0,6,3,5.2,7.9
P0075,2025-08-01,2,991.0,1,5,3,5.9,6.5
P0075,2025-08-08,3,1297.0,0,4,1,8.7,2.9
P0075,2025-08-15,4,947.0,2,5,3,7.2,4.3
P0075,2025-08-22,5,1168.0,1,5,1,8.0,7.3
P0075,2025-08-29,6,780.0,2,5,3,6.4,5.1
P0075,2025-09-05,7,895.0,0,4,3,10.0,2.3
P0075,2025-09-12,8,1314.0,0,5,1,7.1,5.3
P0075,2025-09-19,9,844.0,1,4,1,6.0,6.4
P0075,2025-09-26,10,728.0,1,6,2,6.8,2.2
P0075,2025-10-03,11,942.0,2,6,1,8.4,7.7
P0075,2025-10-10,12,994.0,1,5,3,7.9,4.2
P0076,2025-07-25,1,855.0,0,4,3,5.8,4.3
P0076,2025-08-01,2,1106.0,1,4,1,7.1,7.1
P0076,2025-08-08,3,1100.0,2,5,1,7.8,3.0
P0076,2025-08-15,4,834.0,0,6,2,6.7,7.7
P0076,2025-08-22,5,1095.0,2,6,3,8.6,4.7
P0076,2025-08-29,6,1295.0,2,5,1,9.4,3.6
P0076,2025-09-05,7,806.0,2,6,3,8.1,5.7
P0076,2025-09-12,8,1112.0,1,5,2,7.8,4.4
P0076,2025-09-19,9,831.0,1,6,2,5.4,6.3
P0076,2025-09-26,10,849.0,0,6,3,7.6,2.2
P0076,2025-10-03,11,1393.0,2,5,2,9.4,3.8
P0076,2025-10-10,12,974.0,0,4,1,6.4,1.3
P0077,2025-07-25,1,1359.0,2,4,3,7.9,6.7
P0077,2025-08-01,2,1317.0,1,4,3,10.0,1.8
P0077,2025-08-08,3,1360.0,2,6,1,8.1,1.4
P0077,2025-08-15,4,1128.0,2,4,2,8.6,7.4
P0077,2025-08-22,5,954.0,1,6,1,8.2,6.6
P0077,2025-08-29,6,1092.0,2,6,2,5.4,3.0
P0077,2025-09-05,7,1034.0,0,5,2,7.7,7.3
P0077,2025-09-12,8,1263.0,0,4,2,6.0,1.8
P0077,2025-09-19,9,1346.0,1,4,3,5.9,5.2
P0077,2025-09-26,10,808.0,0,4,1,5.6,1.8
P0077,2025-10-03,11,1276.0,2,5,3,7.3,7.8
P0077,2025-10-10,12,820.0,0,5,2,5.7,5.1
P0078,2025-07-25,1,935.0,1,4,1,6.2,4.5
P0078,2025-08-01,2,1128.0,1,4,3,8.6,2.1
P0078,2025-08-08,3,969.0,2,4,2,9.6,2.2
P0078,2025-08-15,4,664.0,2,5,3,5.4,3.5
P0078,2025-08-22,5,1113.0,0,6,1,9.5,4.6
P0078,2025-08-29,6,669.0,2,4,3,9.7,5.9
P0078,2025-09-05,7,1096.0,0,5,3,9.9,1.1
P0078,2025-09-12,8,1139.0,1,5,2,8.4,7.9
P0078,2025-09-19,9,1149.0,1,4,1,6.1,6.9
P0078,2025-09-26,10,852.0,0,4,3,8.8,7.7
P0078,2025-10-03,11,777.0,0,5,1,9.3,7.7
P0078,2025-10-10,12,992.0,1,6,2,7.2,2.8
P0079,2025-07-25,1,1396.0,2,4,1,6.5,3.5
P0079,2025-08-01,2,1080.0,0,4,1,6.3,6.3
P0079,2025-08-08,3,1043.0,1,6,3,7.7,4.8
P0079,2025-08-15,4,1458.0,1,4,1,5.9,6.8
P0079,2025-08-22,5,896.0,1,4,2,9.6,5.0
P0079,2025-08-29,6,1018.0,1,5,1,7.9,2.9
P0079,2025-09-05,7,816.0,0,4,2,9.0,3.0
P0079,2025-09-12,8,926.0,0,5,3,8.0,5.3
P0079,2025-09-19,9,1175.0,0,4,3,7.6,7.2
P0079,2025-09-26,10,1436.0,1,4,1,9.9,2.9
P0079,2025-10-03,11,1265.0,2,5,1,9.3,7.2
P0079,2025-10-10,12,996.0,0,6,2,6.7,7.8
P0080,2025-07-25,1,896.0,0,6,2,6.8,2.2
P0080,2025-08-01,2,613.0,0,4,2,5.8,1.4
P0080,2025-08-08,3,720.0,2,4,2,6.5,2.4
P0080,2025-08-15,4,934.0,0,5,3,6.9,7.4
P0080,2025-08-22,5,1028.0,0,4,3,5.2,3.4
P0080,2025-08-29,6,604.0,0,5,3,7.8,2.4
P0080,2025-09-05,7,876.0,2,6,1,8.3,1.3
P0080,2025-09-12,8,593.0,0,6,3,6.8,2.2
P0080,2025-09-19,9,978.0,2,6,3,8.3,2.3
P0080,2025-09-26,10,857.0,1,4,1,8.6,5.7
P0080,2025-10-03,11,731.0,2,6,3,7.3,4.3
P0080,2025-10-10,12,725.0,1,6,1,7.7,4.6
P0081,2025-07-25,1,778.0,2,4,1,9.1,3.1
P0081,2025-08-01,2,939.0,1,5,2,5.3,2.3
P0081,2025-08-08,3,758.0,2,4,2,8.0,4.8
P0081,2025-08-15,4,743.0,0,4,1,7.0,2.3
P0081,2025-08-22,5,1014.0,0,5,2,8.3,6.8
P0081,2025-08-29,6,1111.0,0,5,3,8.7,6.3
P0081,2025-09-05,7,931.0,0,4,2,5.5,1.3
P0081,2025-09-12,8,750.0,1,4,3,6.7,1.5
P0081,2025-09-19,9,932.0,1,5,1,7.2,3.1
P0081,2025-09-26,10,899.0,2,4,2,5.4,3.2
P0081,2025-10-03,11,1252.0,0,6,1,5.9,1.0
P0081,2025-10-10,12,983.0,1,6,3,7.5,2.6
P0082,2025-07-25,1,859.0,1,5,1,5.7,7.0
P0082,2025-08-01,2,926.0,0,4,3,8.2,1.6
P0082,2025-08-08,3,831.0,2,4,1,9.7,6.3
P0082,2025-08-15,4,937.0,0,5,2,9.4,1.0
P0082,2025-08-22,5,782.0,0,6,2,5.5,2.9
P0082,2025-08-29,6,610.0,1,5,2,8.6,2.5
P0082,2025-09-05,7,804.0,0,4,3,6.9,6.1
P0082,2025-09-12,8,1058.0,0,6,2,5.7,5.9
P0082,2025-09-19,9,952.0,2,6,2,8.2,1.8
P0082,2025-09-26,10,724.0,2,6,1,6.5,2.5
P0082,2025-10-03,11,720.0,2,5,2,5.2,2.3
P0082,2025-10-10,12,962.0,2,6,2,8.6,5.1
P0083,2025-07-25,1,1129.0,2,6,3,7.7,7.9
P0083,2025-08-01,2,849.0,1,4,1,8.0,6.0
P0083,2025-08-08,3,788.0,1,5,3,9.5,2.2
P0083,2025-08-15,4,807.0,0,5,3,9.0,6.6
P0083,2025-08-22,5,1002.0,0,6,1,8.7,4.1
P0083,2025-08-29,6,1121.0,2,6,2,5.3,5.6
P0083,2025-09-05,7,1104.0,2,6,2,5.5,4.6
P0083,2025-09-12,8,733.0,1,4,3,6.2,2.8
P0083,2025-09-19,9,993.0,1,5,3,9.7,4.6
P0083,2025-09-26,10,782.0,0,4,3,7.5,1.7
P0083,2025-10-03,11,724.0,2,4,3,8.7,5.8
P0083,2025-10-10,12,768.0,2,4,2,7.2,5.6
P0084,2025-07-25,1,665.0,2,6,3,8.3,6.8
P0084,2025-08-01,2,889.0,0,6,1,7.5,7.0
P0084,2025-08-08,3,865.0,1,4,3,9.6,3.1
P0084,2025-08-15,4,773.0,0,5,3,9.0,7.9
P0084,2025-08-22,5,1088.0,0,6,2,6.0,4.0
P0084,2025-08-29,6,912.0,1,5,3,9.7,7.0
P0084,2025-09-05,7,694.0,2,4,2,5.2,8.0
P0084,2025-09-12,8,1115.0,1,6,2,6.9,3.5
P0084,2025-09-19,9,841.0,0,4,2,5.0,5.4
P0084,2025-09-26,10,959.0,1,5,1,7.8,7.0
P0084,2025-10-03,11,765.0,0,4,1,9.8,5.4
P0084,2025-10-10,12,1055.0,1,5,2,5.4,4.5
P0085,2025-07-25,1,787.0,0,5,1,8.3,6.1
P0085,2025-08-01,2,790.0,2,5,3,9.7,6.1
P0085,2025-08-08,3,885.0,0,5,1,8.7,3.9
P0085,2025-08-15,4,745.0,2,4,2,7.8,5.9
P0085,2025-08-22,5,997.0,1,6,3,9.8,5.5
P0085,2025-08-29,6,1007.0,0,4,3,9.6,4.2
P0085,2025-09-05,7,641.0,2,4,2,7.4,3.2
P0085,2025-09-12,8,748.0,0,5,1,8.4,7.1
P0085,2025-09-19,9,1012.0,0,5,2,6.3,3.3
P0085,2025-09-26,10,657.0,0,6,3,6.4,3.9
P0085,2025-10-03,11,706.0,0,6,2,6.5,6.4
P0085,2025-10-10,12,804.0,1,5,3,9.6,6.3
P0086,2025-07-25,1,684.0,2,4,2,7.9,6.8
P0086,2025-08-01,2,665.0,2,6,1,5.9,3.9
P0086,2025-08-08,3,981.0,2,6,3,6.4,7.8
P0086,2025-08-15,4,662.0,2,6,2,6.6,3.4
P0086,2025-08-22,5,675.0,0,5,2,7.3,8.0
P0086,2025-08-29,6,763.0,1,4,3,6.0,7.1
P0086,2025-09-05,7,853.0,1,6,2,8.5,1.1
P0086,2025-09-12,8,875.0,1,6,3,10.0,4.7
P0086,2025-09-19,9,908.0,1,6,3,9.3,2.2
P0086,2025-09-26,10,703.0,0,6,3,5.2,3.8
P0086,2025-10-03,11,958.0,0,6,1,6.1,5.6
P0086,2025-10-10,12,653.0,1,5,3,8.3,7.5
P0087,2025-07-25,1,1002.0,2,5,2,9.3,2.4
P0087,2025-08-01,2,718.0,2,5,3,7.7,4.3
P0087,2025-08-08,3,1132.0,1,6,1,10.0,7.6
P0087,2025-08-15,4,993.0,2,6,2,9.4,1.4
P0087,2025-08-22,5,802.0,1,4,3,7.0,3.8
P0087,2025-08-29,6,794.0,2,5,3,9.3,3.7
P0087,2025-09-05,7,837.0,2,5,2,7.3,7.1
P0087,2025-09-12,8,659.0,0,4,2,9.4,6.0
P0087,2025-09-19,9,702.0,0,6,2,5.5,3.4
P0087,2025-09-26,10,922.0,1,4,1,9.5,1.4
P0087,2025-10-03,11,707.0,0,6,2,5.3,3.5
P0087,2025-10-10,12,956.0,1,6,1,7.1,2.6
P0088,2025-07-25,1,845.0,1,6,2,8.6,5.3
P0088,2025-08-01,2,756.0,2,6,1,5.5,8.0
P0088,2025-08-08,3,816.0,0,6,2,6.0,6.4
P0088,2025-08-15,4,761.0,0,5,3,5.8,1.1
P0088,2025-08-22,5,731.0,2,5,2,5.3,2.1
P0088,2025-08-29,6,662.0,1,6,1,6.2,1.4
P0088,2025-09-05,7,1097.0,1,4,3,9.5,2.4
P0088,2025-09-12,8,995.0,0,6,3,8.4,2.6
P0088,2025-09-19,9,828.0,0,6,1,10.0,8.0
P0088,2025-09-26,10,885.0,0,4,3,5.1,1.2
P0088,2025-10-03,11,859.0,2,5,2,9.4,6.5
P0088,2025-10-10,12,958.0,2,5,3,5.6,2.0
P0089,2025-07-25,1,1217.0,0,6,2,6.3,2.6
P0089,2025-08-01,2,1226.0,0,6,2,8.2,4.9
P0089,2025-08-08,3,1206.0,1,5,1,7.6,5.8
P0089,2025-08-15,4,1076.0,0,5,3,7.8,5.1
P0089,2025-08-22,5,1424.0,0,4,2,6.0,1.5
P0089,2025-08-29,6,1292.0,0,5,3,5.1,2.5
P0089,2025-09-05,7,1122.0,1,5,1,5.4,6.2
P0089,2025-09-12,8,1282.0,2,6,3,5.4,3.0
P0089,2025-09-19,9,1425.0,1,5,2,8.1,1.4
P0089,2025-09-26,10,1367.0,1,6,3,9.2,6.9
P0089,2025-10-03,11,1118.0,0,5,1,6.9,1.0
P0089,2025-10-10,12,1088.0,1,6,3,7.2,3.5
P0090,2025-07-25,1,1507.0,1,5,2,5.4,7.6
P0090,2025-08-01,2,1017.0,2,4,1,8.8,1.5
P0090,2025-08-08,3,1417.0,2,6,2,7.4,1.8
P0090,2025-08-15,4,1204.0,2,5,3,7.5,7.6
P0090,2025-08-22,5,814.0,2,5,3,6.6,2.6
P0090,2025-08-29,6,1034.0,2,6,2,9.5,1.7
P0090,2025-09-05,7,913.0,0,4,2,5.8,4.6
P0090,2025-09-12,8,1104.0,0,5,2,8.2,1.7
P0090,2025-09-19,9,1459.0,1,6,2,8.9,6.1
P0090,2025-09-26,10,943.0,2,6,1,5.8,7.1
P0090,2025-10-03,11,1003.0,0,6,3,8.4,7.6
P0090,2025-10-10,12,1258.0,1,4,1,5.4,2.9
P0091,2025-07-25,1,917.0,0,6,2,5.7,7.7
P0091,2025-08-01,2,806.0,2,5,1,9.1,6.4
P0091,2025-08-08,3,1364.0,1,4,3,9.0,4.4
P0091,2025-08-15,4,812.0,1,4,1,6.9,4.7
P0091,2025-08-22,5,1335.0,2,4,1,6.3,3.4
P0091,2025-08-29,6,826.0,2,4,2,9.6,2.5
P0091,2025-09-05,7,922.0,1,5,2,6.3,2.6
P0091,2025-09-12,8,1216.0,0,6,3,8.8,1.4
P0091,2025-09-19,9,1299.0,0,4,2,5.6,5.3
P0091,2025-09-26,10,885.0,1,5,2,9.0,7.3
P0091,2025-10-03,11,764.0,1,6,1,8.0,3.7
P0091,2025-10-10,12,1333.0,0,4,1,7.6,2.9
P0092,2025-07-25,1,1073.0,1,6,2,9.2,3.2
P0092,2025-08-01,2,1026.0,1,6,3,9.8,6.9
P0092,2025-08-08,3,804.0,0,4,1,6.2,4.4
P0092,2025-08-15,4,642.0,1,6,2,9.1,4.6
P0092,2025-08-22,5,893.0,1,4,3,8.1,7.7
P0092,2025-08-29,6,1033.0,2,4,1,5.6,4.6
P0092,2025-09-05,7,748.0,2,6,1,5.7,5.9
P0092,2025-09-12,8,839.0,2,4,1,5.7,5.1
P0092,2025-09-19,9,1113.0,0,6,1,5.8,2.5
P0092,2025-09-26,10,750.0,1,5,1,9.1,6.3
P0092,2025-10-03,11,1076.0,1,6,1,6.7,4.5
P0092,2025-10-10,12,611.0,2,6,3,8.9,3.2
P0093,2025-07-25,1,914.0,1,6,1,6.1,2.4
P0093,2025-08-01,2,1048.0,2,5,1,7.4,4.3
P0093,2025-08-08,3,920.0,2,4,2,9.6,5.7
P0093,2025-08-15,4,596.0,1,5,2,8.8,6.9
P0093,2025-08-22,5,737.0,1,4,1,8.0,1.9
P0093,2025-08-29,6,1076.0,2,4,3,9.1,5.3
P0093,2025-09-05,7,1013.0,1,6,2,7.6,5.8
P0093,2025-09-12,8,614.0,0,5,1,5.7,5.1
P0093,2025-09-19,9,1038.0,2,4,3,8.8,3.3
P0093,2025-09-26,10,781.0,0,6,2,5.2,2.7
P0093,2025-10-03,11,662.0,1,5,3,5.2,1.3
P0093,2025-10-10,12,1010.0,1,5,2,8.3,2.5
P0094,2025-07-25,1,1290.0,0,6,2,5.9,5.8
P0094,2025-08-01,2,1336.0,0,5,3,5.8,3.0
P0094,2025-08-08,3,873.0,0,5,3,8.7,1.2
P0094,2025-08-15,4,1472.0,1,6,3,9.3,5.9
P0094,2025-08-22,5,868.0,0,4,1,9.8,6.0
P0094,2025-08-29,6,863.0,0,4,3,6.8,4.5
P0094,2025-09-05,7,1058.0,0,5,3,6.1,5.6
P0094,2025-09-12,8,1282.0,0,4,2,6.0,4.8
P0094,2025-09-19,9,1338.0,1,4,1,6.0,5.2
P0094,2025-09-26,10,1038.0,2,5,1,5.5,3.8
P0094,2025-10-03,11,880.0,2,5,1,6.9,1.1
P0094,2025-10-10,12,1004.0,1,4,3,7.9,1.2
P0095,2025-07-25,1,929.0,2,4,1,6.8,1.2
P0095,2025-08-01,2,1168.0,0,5,2,7.5,2.9
P0095,2025-08-08,3,1199.0,1,4,2,5.1,7.7
P0095,2025-08-15,4,1285.0,2,5,3,9.7,6.2
P0095,2025-08-22,5,1264.0,0,5,1,6.0,7.6
P0095,2025-08-29,6,806.0,1,5,2,9.1,2.9
P0095,2025-09-05,7,1031.0,2,5,2,6.7,5.6
P0095,2025-09-12,8,803.0,2,4,2,7.1,6.7
P0095,2025-09-19,9,1396.0,1,4,3,8.8,3.0
P0095,2025-09-26,10,1070.0,1,5,3,7.2,4.0
P0095,2025-10-03,11,1167.0,1,6,3,5.9,3.4
P0095,2025-10-10,12,845.0,0,6,3,5.1,5.6
P0096,2025-07-25,1,1068.0,0,4,3,6.0,1.1
P0096,2025-08-01,2,1191.0,0,5,3,7.0,7.9
P0096,2025-08-08,3,1334.0,1,4,1,7.4,6.3
P0096,2025-08-15,4,1410.0,2,4,1,9.0,2.5
P0096,2025-08-22,5,1179.0,2,5,1,9.7,2.0
P0096,2025-08-29,6,1239.0,0,6,1,8.2,4.1
P0096,2025-09-05,7,1237.0,2,6,2,8.6,2.8
P0096,2025-09-12,8,1302.0,0,4,3,5.9,1.3
P0096,2025-09-19,9,1361.0,0,5,1,9.8,5.9
P0096,2025-09-26,10,1299.0,0,4,3,9.5,5.9
P0096,2025-10-03,11,1310.0,1,6,2,5.1,3.0
P0096,2025-10-10,12,1245.0,2,5,3,9.1,5.2
P0097,2025-07-25,1,794.0,1,5,3,5.2,6.2
P0097,2025-08-01,2,727.0,2,4,2,5.2,5.6
P0097,2025-08-08,3,902.0,0,6,1,5.7,7.9
P0097,2025-08-15,4,836.0,0,4,1,8.3,3.0
P0097,2025-08-22,5,702.0,0,5,2,6.2,6.3
P0097,2025-08-29,6,754.0,1,5,2,8.4,5.0
P0097,2025-09-05,7,890.0,1,5,2,6.1,4.6
P0097,2025-09-12,8,990.0,2,6,3,9.9,4.3
P0097,2025-09-19,9,1228.0,2,4,1,7.0,2.2
P0097,2025-09-26,10,1129.0,2,4,1,9.2,5.7
P0097,2025-10-03,11,1075.0,0,6,3,8.6,1.5
P0097,2025-10-10,12,976.0,2,4,1,5.1,3.4
P0098,2025-07-25,1,709.0,2,6,1,8.9,7.8
P0098,2025-08-01,2,755.0,0,4,2,9.1,1.3
P0098,2025-08-08,3,1181.0,2,5,3,6.7,4.9
P0098,2025-08-15,4,874.0,2,6,3,9.3,1.1
P0098,2025-08-22,5,707.0,1,5,1,8.5,1.6
P0098,2025-08-29,6,989.0,1,4,2,7.7,2.6
P0098,2025-09-05,7,717.0,1,5,1,6.2,3.5
P0098,2025-09-12,8,777.0,2,5,1,9.6,1.2
P0098,2025-09-19,9,665.0,2,5,3,9.4,3.7
P0098,2025-09-26,10,702.0,1,6,1,8.1,7.0
P0098,2025-10-03,11,938.0,0,6,3,9.9,5.5
P0098,2025-10-10,12,1114.0,2,6,2,5.0,1.0
P0099,2025-07-25,1,731.0,2,4,3,8.0,3.2
P0099,2025-08-01,2,876.0,0,6,2,9.7,2.9
P0099,2025-08-08,3,969.0,0,6,1,6.0,7.6
P0099,2025-08-15,4,1184.0,0,6,1,7.2,5.7
P0099,2025-08-22,5,775.0,1,4,2,9.5,4.0
P0099,2025-08-29,6,983.0,2,6,2,9.7,2.1
P0099,2025-09-05,7,721.0,2,6,1,7.7,6.0
P0099,2025-09-12,8,804.0,2,6,1,5.3,7.3
P0099,2025-09-19,9,850.0,0,5,3,5.9,3.5
P0099,2025-09-26,10,786.0,2,5,1,7.7,6.2
P0099,2025-10-03,11,817.0,0,6,1,8.4,5.7
P0099,2025-10-10,12,934.0,2,5,1,9.3,6.4
P0100,2025-07-25,1,864.0,2,6,2,6.2,3.6
P0100,2025-08-01,2,826.0,2,5,3,5.0,4.5
P0100,2025-08-08,3,1145.0,2,6,2,5.6,4.0
P0100,2025-08-15,4,980.0,0,4,1,5.9,2.4
P0100,2025-08-22,5,860.0,0,4,3,8.3,4.1
P0100,2025-08-29,6,1189.0,2,5,1,5.2,7.1
P0100,2025-09-05,7,763.0,0,5,3,8.1,5.1
P0100,2025-09-12,8,1318.0,1,4,3,6.9,3.1
P0100,2025-09-19,9,807.0,2,5,3,8.7,4.1
P0100,2025-09-26,10,1258.0,2,5,2,7.9,7.9
P0100,2025-10-03,11,942.0,1,6,2,6.0,7.9
P0100,2025-10-10,12,1208.0,0,5,2,7.1,2.3
P0101,2025-07-25,1,1047.0,2,5,1,9.0,1.6
P0101,2025-08-01,2,836.0,0,6,3,7.9,4.1
P0101,2025-08-08,3,813.0,2,6,3,9.0,5.6
P0101,2025-08-15,4,1384.0,1,6,3,6.3,6.3
P0101,2025-08-22,5,1328.0,0,6,2,9.7,1.1
P0101,2025-08-29,6,916.0,1,5,2,9.1,6.9
P0101,2025-09-05,7,1258.0,0,4,2,9.7,5.1
P0101,2025-09-12,8,1002.0,2,5,3,9.6,7.4
P0101,2025-09-19,9,995.0,2,5,1,9.0,5.0
P0101,2025-09-26,10,805.0,0,4,1,5.6,5.2
P0101,2025-10-03,11,1471.0,2,4,3,7.1,1.4
P0101,2025-10-10,12,1338.0,1,6,3,7.2,1.9
P0102,2025-07-25,1,716.0,1,6,1,9.0,5.3
P0102,2025-08-01,2,800.0,0,6,3,5.4,6.8
P0102,2025-08-08,3,1034.0,2,4,3,7.7,5.7
P0102,2025-08-15,4,728.0,0,6,3,5.0,3.4
P0102,2025-08-22,5,948.0,0,5,2,7.3,3.4
P0102,2025-08-29,6,1032.0,0,5,1,8.6,4.1
P0102,2025-09-05,7,1047.0,0,5,1,7.1,2.0
P0102,2025-09-12,8,1148.0,0,5,3,9.9,6.8
P0102,2025-09-19,9,1242.0,2,5,1,9.4,2.2
P0102,2025-09-26,10,943.0,2,6,1,7.7,3.9
P0102,2025-10-03,11,1017.0,1,5,3,10.0,3.5
P0102,2025-10-10,12,706.0,1,4,2,9.9,3.4
P0103,2025-07-25,1,730.0,2,4,1,5.2,6.4
P0103,2025-08-01,2,907.0,1,5,2,8.5,1.5
P0103,2025-08-08,3,974.0,0,6,3,5.4,4.9
P0103,2025-08-15,4,583.0,2,6,3,7.0,1.3
P0103,2025-08-22,5,989.0,1,4,3,9.4,6.2
P0103,2025-08-29,6,684.0,2,6,3,6.6,5.7
P0103,2025-09-05,7,1044.0,2,5,3,5.2,4.7
P0103,2025-09-12,8,592.0,0,5,1,6.8,7.5
P0103,2025-09-19,9,887.0,0,4,1,5.9,1.4
P0103,2025-09-26,10,763.0,1,4,1,7.4,7.7
P0103,2025-10-03,11,790.0,1,5,3,6.5,3.6
P0103,2025-10-10,12,808.0,0,5,3,7.9,4.3
P0104,2025-07-25,1,902.0,0,4,1,5.7,5.5
P0104,2025-08-01,2,937.0,2,4,3,8.1,2.7
P0104,2025-08-08,3,982.0,0,4,3,8.3,2.9
P0104,2025-08-15,4,792.0,2,5,2,6.8,4.7
P0104,2025-08-22,5,853.0,1,6,3,9.8,5.6
P0104,2025-08-29,6,1039.0,1,5,2,7.8,1.8
P0104,2025-09-05,7,758.0,0,5,1,7.3,6.8
P0104,2025-09-12,8,781.0,1,5,1,9.4,6.4
P0104,2025-09-19,9,762.0,1,4,2,6.7,4.0
P0104,2025-09-26,10,633.0,2,4,3,5.7,2.3
P0104,2025-10-03,11,661.0,1,6,1,7.1,6.5
P0104,2025-10-10,12,735.0,1,5,3,8.0,1.6
P0105,2025-07-25,1,1024.0,0,5,1,7.8,4.4
P0105,2025-08-01,2,1079.0,1,6,3,7.1,2.3
P0105,2025-08-08,3,684.0,0,4,3,6.4,6.4
P0105,2025-08-15,4,1088.0,2,5,2,7.6,6.0
P0105,2025-08-22,5,839.0,1,6,2,9.2,2.5
P0105,2025-08-29,6,818.0,2,6,2,6.9,6.4
P0105,2025-09-05,7,894.0,0,6,3,6.8,7.2
P0105,2025-09-12,8,879.0,0,5,3,6.4,5.6
P0105,2025-09-19,9,693.0,1,6,1,7.9,3.2
P0105,2025-09-26,10,905.0,0,6,1,7.0,5.9
P0105,2025-10-03,11,973.0,0,5,1,8.8,5.3
P0105,2025-10-10,12,1053.0,0,4,1,8.1,6.8
P0106,2025-07-25,1,1050.0,2,4,2,6.7,7.3
P0106,2025-08-01,2,1159.0,1,6,1,6.1,7.9
P0106,2025-08-08,3,1232.0,0,6,3,7.5,3.8
P0106,2025-08-15,4,820.0,0,5,1,7.0,4.5
P0106,2025-08-22,5,1252.0,0,4,1,5.9,1.3
P0106,2025-08-29,6,829.0,1,4,1,7.0,1.3
P0106,2025-09-05,7,1134.0,2,5,2,9.7,3.1
P0106,2025-09-12,8,745.0,2,5,1,9.1,2.3
P0106,2025-09-19,9,1210.0,2,6,1,8.1,2.9
P0106,2025-09-26,10,890.0,2,5,2,8.2,8.0
P0106,2025-10-03,11,723.0,1,4,2,6.8,5.7
P0106,2025-10-10,12,954.0,0,6,2,9.0,7.8
P0107,2025-07-25,1,983.0,0,6,3,8.1,7.9
P0107,2025-08-01,2,875.0,0,6,2,9.0,3.8
P0107,2025-08-08,3,1172.0,1,5,3,9.6,7.0
P0107,2025-08-15,4,953.0,1,6,2,7.7,4.9
P0107,2025-08-22,5,694.0,0,4,3,8.4,4.8
P0107,2025-08-29,6,646.0,2,5,2,5.5,4.0
P0107,2025-09-05,7,820.0,0,5,2,6.2,7.0
P0107,2025-09-12,8,1138.0,1,6,1,5.5,7.9
P0107,2025-09-19,9,769.0,1,4,1,7.2,6.4
P0107,2025-09-26,10,918.0,1,4,3,5.1,5.0
P0107,2025-10-03,11,1119.0,1,6,2,9.6,3.5
P0107,2025-10-10,12,886.0,2,4,2,5.3,7.0
P0108,2025-07-25,1,1040.0,1,6,1,8.4,7.8
P0108,2025-08-01,2,1021.0,1,6,3,7.4,7.0
P0108,2025-08-08,3,1054.0,2,4,3,6.9,1.9
P0108,2025-08-15,4,793.0,1,4,2,7.6,4.8
P0108,2025-08-22,5,754.0,0,4,1,7.0,2.3
P0108,2025-08-29,6,873.0,0,6,3,5.9,3.8
P0108,2025-09-05,7,970.0,0,4,2,8.1,6.5
P0108,2025-09-12,8,886.0,0,4,2,8.1,1.9
P0108,2025-09-19,9,772.0,1,5,1,7.5,2.7
P0108,2025-09-26,10,898.0,2,5,1,6.1,4.5
P0108,2025-10-03,11,1018.0,0,5,3,7.0,1.9
P0108,2025-10-10,12,856.0,1,5,3,9.0,4.2
P0109,2025-07-25,1,836.0,2,6,1,7.1,6.0
P0109,2025-08-01,2,833.0,2,5,1,5.9,3.4
P0109,2025-08-08,3,690.0,0,6,3,9.0,6.5
P0109,2025-08-15,4,760.0,0,6,1,8.0,1.5
P0109,2025-08-22,5,933.0,1,4,3,9.5,4.5
P0109,2025-08-29,6,899.0,0,5,1,7.9,6.9
P0109,2025-09-05,7,720.0,1,4,3,8.5,6.1
P0109,2025-09-12,8,600.0,1,4,1,6.6,6.3
P0109,2025-09-19,9,590.0,0,4,2,6.9,6.2
P0109,2025-09-26,10,963.0,2,4,1,5.1,6.1
P0109,2025-10-03,11,875.0,0,4,3,7.9,4.3
P0109,2025-10-10,12,787.0,2,5,1,5.4,7.6
P0110,2025-07-25,1,1469.0,0,5,3,5.4,4.4
P0110,2025-08-01,2,1452.0,1,5,2,5.8,1.1
P0110,2025-08-08,3,1119.0,0,5,3,6.0,6.0
P0110,2025-08-15,4,1390.0,0,5,2,7.8,1.8
P0110,2025-08-22,5,1485.0,2,6,2,8.0,3.7
P0110,2025-08-29,6,904.0,0,4,3,7.5,5.7
P0110,2025-09-05,7,1236.0,0,6,1,7.6,2.9
P0110,2025-09-12,8,1480.0,1,5,2,6.2,4.7
P0110,2025-09-19,9,1231.0,1,5,2,6.7,1.5
P0110,2025-09-26,10,1485.0,1,4,3,6.8,6.3
P0110,2025-10-03,11,1163.0,2,4,1,8.6,7.2
P0110,2025-10-10,12,1468.0,0,5,3,7.3,3.1
P0111,2025-07-25,1,960.0,0,6,3,6.7,5.1
P0111,2025-08-01,2,1040.0,0,6,1,9.1,5.7
P0111,2025-08-08,3,778.0,2,6,3,5.8,4.5
P0111,2025-08-15,4,1121.0,0,6,2,8.0,8.0
P0111,2025-08-22,5,917.0,0,5,2,9.4,5.5
P0111,2025-08-29,6,1115.0,0,5,3,8.7,2.8
P0111,2025-09-05,7,835.0,2,5,1,7.7,6.9
P0111,2025-09-12,8,739.0,2,4,1,7.8,5.1
P0111,2025-09-19,9,909.0,2,4,2,7.7,8.0
P0111,2025-09-26,10,957.0,1,5,2,7.0,2.1
P0111,2025-10-03,11,1121.0,0,5,1,8.7,4.8
P0111,2025-10-10,12,787.0,1,4,3,6.0,1.5
P0112,2025-07-25,1,806.0,2,5,1,9.3,6.9
P0112,2025-08-01,2,1011.0,2,4,1,9.5,5.9
P0112,2025-08-08,3,926.0,2,4,2,8.9,1.7
P0112,2025-08-15,4,1234.0,2,5,2,8.2,2.6
P0112,2025-08-22,5,1255.0,0,4,1,5.2,7.4
P0112,2025-08-29,6,1070.0,2,5,3,7.4,7.1
P0112,2025-09-05,7,953.0,1,6,1,8.5,1.1
P0112,2025-09-12,8,816.0,2,4,3,5.7,4.1
P0112,2025-09-19,9,917.0,2,5,1,8.2,4.8
P0112,2025-09-26,10,734.0,2,5,1,7.3,7.1
P0112,2025-10-03,11,794.0,1,4,2,5.8,1.6
P0112,2025-10-10,12,847.0,1,5,3,8.5,4.4
P0113,2025-07-25,1,827.0,2,6,3,8.1,1.2
P0113,2025-08-01,2,1133.0,1,6,2,6.7,1.5
P0113,2025-08-08,3,842.0,2,4,2,9.3,4.3
P0113,2025-08-15,4,1131.0,1,5,2,7.2,5.0
P0113,2025-08-22,5,957.0,2,6,2,7.3,3.8
P0113,2025-08-29,6,950.0,2,6,3,8.3,1.2
P0113,2025-09-05,7,882.0,2,4,3,5.8,6.7
P0113,2025-09-12,8,752.0,0,5,1,7.9,2.0
P0113,2025-09-19,9,1043.0,1,4,1,7.3,2.8
P0113,2025-09-26,10,1128.0,1,4,3,9.5,1.4
P0113,2025-10-03,11,952.0,0,5,2,5.6,4.1
P0113,2025-10-10,12,821.0,2,4,2,9.8,2.4
P0114,2025-07-25,1,951.0,2,4,2,9.6,1.2
P0114,2025-08-01,2,981.0,0,5,3,7.0,3.2
P0114,2025-08-08,3,1064.0,1,5,3,9.9,6.0
P0114,2025-08-15,4,803.0,2,4,3,5.2,1.4
P0114,2025-08-22,5,780.0,0,5,3,9.3,7.7
P0114,2025-08-29,6,698.0,0,6,2,6.2,5.2
P0114,2025-09-05,7,721.0,1,4,1,6.6,6.1
P0114,2025-09-12,8,758.0,0,5,1,5.8,1.3
P0114,2025-09-19,9,690.0,1,4,2,6.7,8.0
P0114,2025-09-26,10,835.0,2,6,1,9.6,1.6
P0114,2025-10-03,11,728.0,0,6,1,5.4,1.8
P0114,2025-10-10,12,680.0,2,6,2,5.1,5.7
P0115,2025-07-25,1,1127.0,0,5,1,8.6,1.3
P0115,2025-08-01,2,971.0,1,6,2,9.1,6.5
P0115,2025-08-08,3,1458.0,0,6,2,5.4,1.1
P0115,2025-08-15,4,839.0,2,6,3,7.4,3.8
P0115,2025-08-22,5,1390.0,0,6,1,7.7,1.8
P0115,2025-08-29,6,1489.0,2,4,3,6.4,6.6
P0115,2025-09-05,7,975.0,1,6,1,6.2,3.8
P0115,2025-09-12,8,1440.0,1,4,1,9.9,4.3
P0115,2025-09-19,9,1514.0,1,5,3,7.7,4.0
P0115,2025-09-26,10,1199.0,2,4,1,10.0,7.8
P0115,2025-10-03,11,1508.0,0,4,2,7.2,1.1
P0115,2025-10-10,12,1531.0,1,5,1,9.6,6.0
P0116,2025-07-25,1,1101.0,0,4,2,9.8,3.5
P0116,2025-08-01,2,914.0,2,5,3,6.0,6.3
P0116,2025-08-08,3,1253.0,1,5,1,6.8,7.6
P0116,2025-08-15,4,1200.0,2,4,2,8.3,6.9
P0116,2025-08-22,5,1457.0,0,4,2,5.4,6.2
P0116,2025-08-29,6,1360.0,1,5,1,9.8,7.4
P0116,2025-09-05,7,970.0,1,4,2,8.3,3.5
P0116,2025-09-12,8,1476.0,1,5,1,6.9,3.8
P0116,2025-09-19,9,1182.0,1,4,2,8.5,7.2
P0116,2025-09-26,10,1305.0,0,4,3,9.2,5.9
P0116,2025-10-03,11,1288.0,2,6,3,5.3,7.7
P0116,2025-10-10,12,1050.0,2,4,3,9.9,7.1
P0117,2025-07-25,1,780.0,0,5,2,9.3,1.5
P0117,2025-08-01,2,1270.0,2,6,2,5.1,2.2
P0117,2025-08-08,3,1179.0,2,4,3,6.9,3.9
P0117,2025-08-15,4,971.0,0,5,3,6.1,7.2
P0117,2025-08-22,5,1263.0,2,5,3,6.7,2.9
P0117,2025-08-29,6,883.0,0,4,3,7.9,5.9
P0117,2025-09-05,7,995.0,1,4,1,5.1,4.0
P0117,2025-09-12,8,895.0,2,5,2,5.2,2.1
P0117,2025-09-19,9,769.0,0,6,1,5.8,7.8
P0117,2025-09-26,10,1055.0,2,4,2,7.4,5.5
P0117,2025-10-03,11,1226.0,1,5,2,8.0,7.5
P0117,2025-10-10,12,920.0,1,6,1,5.2,2.0
P0118,2025-07-25,1,843.0,2,5,3,9.3,4.2
P0118,2025-08-01,2,790.0,0,4,1,8.1,5.8
P0118,2025-08-08,3,1117.0,2,4,3,9.2,6.0
P0118,2025-08-15,4,1348.0,2,4,3,6.6,1.1
P0118,2025-08-22,5,1357.0,2,5,1,9.1,6.0
P0118,2025-08-29,6,809.0,0,4,3,7.6,3.2
P0118,2025-09-05,7,885.0,1,6,3,6.2,3.8
P0118,2025-09-12,8,1318.0,2,5,1,8.1,2.1
P0118,2025-09-19,9,1358.0,1,6,1,6.2,4.1
P0118,2025-09-26,10,1365.0,2,5,1,6.8,1.9
P0118,2025-10-03,11,821.0,2,5,2,8.5,6.3
P0118,2025-10-10,12,890.0,1,4,2,6.8,3.3
P0119,2025-07-25,1,1265.0,1,5,3,5.5,5.3
P0119,2025-08-01,2,908.0,1,5,3,5.2,7.2
P0119,2025-08-08,3,842.0,0,4,3,6.8,4.8
P0119,2025-08-15,4,1450.0,0,5,2,5.8,4.6
P0119,2025-08-22,5,1204.0,2,4,2,7.3,3.2
P0119,2025-08-29,6,1096.0,1,6,2,7.5,5.0
P0119,2025-09-05,7,910.0,2,6,2,9.3,1.2
P0119,2025-09-12,8,1261.0,0,6,1,8.9,6.3
P0119,2025-09-19,9,1460.0,2,5,3,8.7,6.9
P0119,2025-09-26,10,834.0,1,5,2,8.3,4.7
P0119,2025-10-03,11,922.0,2,5,1,8.4,4.4
P0119,2025-10-10,12,858.0,1,4,1,8.6,6.1
P0120,2025-07-25,1,1224.0,0,5,1,9.6,4.8
P0120,2025-08-01,2,1156.0,2,4,2,7.0,6.7
P0120,2025-08-08,3,972.0,2,4,3,7.1,7.2
P0120,2025-08-15,4,865.0,1,6,1,9.7,5.6
P0120,2025-08-22,5,1242.0,1,4,1,7.4,2.3
P0120,2025-08-29,6,901.0,0,6,3,8.2,1.2
P0120,2025-09-05,7,1147.0,1,4,1,7.3,5.3
P0120,2025-09-12,8,724.0,2,4,2,9.5,6.5
P0120,2025-09-19,9,862.0,1,6,1,7.6,4.6
P0120,2025-09-26,10,774.0,0,4,1,6.3,7.3
P0120,2025-10-03,11,896.0,2,5,2,6.4,5.9
P0120,2025-10-10,12,1089.0,2,6,3,8.4,5.5
P0121,2025-07-25,1,718.0,1,5,2,7.0,6.4
P0121,2025-08-01,2,1073.0,1,4,1,9.6,7.3
P0121,2025-08-08,3,1063.0,0,4,2,7.5,2.3
P0121,2025-08-15,4,1067.0,1,5,1,6.6,2.1
P0121,2025-08-22,5,825.0,2,6,3,7.2,5.6
P0121,2025-08-29,6,1083.0,2,4,2,7.5,2.8
P0121,2025-09-05,7,1058.0,0,4,2,7.8,1.8
P0121,2025-09-12,8,741.0,0,5,3,5.1,5.3
P0121,2025-09-19,9,628.0,1,4,1,8.3,1.8
P0121,2025-09-26,10,743.0,0,4,2,8.7,2.4
P0121,2025-10-03,11,768.0,1,6,2,5.4,1.3
P0121,2025-10-10,12,867.0,1,6,3,8.4,4.9
P0122,2025-07-25,1,836.0,0,5,2,6.8,7.1
P0122,2025-08-01,2,713.0,2,6,3,7.3,4.0
P0122,2025-08-08,3,820.0,1,5,1,8.7,4.2
P0122,2025-08-15,4,720.0,2,5,3,8.1,4.5
P0122,2025-08-22,5,741.0,0,5,3,7.4,2.4
P0122,2025-08-29,6,979.0,1,6,2,7.0,7.3
P0122,2025-09-05,7,644.0,0,5,1,6.2,7.6
P0122,2025-09-12,8,954.0,1,5,1,6.4,3.8
P0122,2025-09-19,9,582.0,0,6,1,6.0,2.4
P0122,2025-09-26,10,584.0,2,4,3,6.9,3.1
P0122,2025-10-03,11,616.0,1,4,1,7.7,1.2
P0122,2025-10-10,12,862.0,2,5,1,7.0,3.8
P0123,2025-07-25,1,1049.0,0,4,3,9.1,3.1
P0123,2025-08-01,2,1012.0,1,5,3,5.0,2.4
P0123,2025-08-08,3,1014.0,2,5,2,8.8,6.5
P0123,2025-08-15,4,1210.0,0,6,2,5.9,5.8
P0123,2025-08-22,5,980.0,1,5,1,7.9,5.2
P0123,2025-08-29,6,744.0,1,6,3,7.5,5.9
P0123,2025-09-05,7,715.0,1,6,2,9.7,1.8
P0123,2025-09-12,8,1222.0,1,6,1,7.7,1.5
P0123,2025-09-19,9,1218.0,0,5,3,8.3,2.2
P0123,2025-09-26,10,1211.0,2,5,2,5.4,6.4
P0123,2025-10-03,11,715.0,2,6,3,6.4,6.3
P0123,2025-10-10,12,1005.0,1,5,2,8.9,7.5
P0124,2025-07-25,1,1053.0,0,5,1,7.9,1.3
P0124,2025-08-01,2,1309.0,1,4,1,7.0,6.0
P0124,2025-08-08,3,1423.0,2,5,1,8.9,5.5
P0124,2025-08-15,4,838.0,1,6,3,7.3,6.8
P0124,2025-08-22,5,1010.0,2,6,2,5.8,7.9
P0124,2025-08-29,6,1244.0,2,6,2,5.1,1.7
P0124,2025-09-05,7,996.0,0,5,2,5.9,5.4
P0124,2025-09-12,8,1217.0,0,5,1,8.9,1.3
P0124,2025-09-19,9,1287.0,1,6,3,5.5,2.6
P0124,2025-09-26,10,1181.0,1,4,2,5.6,5.4
P0124,2025-10-03,11,1297.0,2,6,3,6.3,3.3
P0124,2025-10-10,12,1030.0,0,6,2,7.3,2.4
P0125,2025-07-25,1,1328.0,0,6,1,9.4,5.9
P0125,2025-08-01,2,948.0,0,4,2,9.1,2.2
P0125,2025-08-08,3,1253.0,2,5,1,5.7,6.7
P0125,2025-08-15,4,1378.0,2,4,2,6.7,5.6
P0125,2025-08-22,5,1387.0,0,5,1,8.6,7.5
P0125,2025-08-29,6,827.0,2,5,3,9.3,6.5
P0125,2025-09-05,7,1169.0,0,6,2,7.9,6.3
P0125,2025-09-12,8,905.0,0,5,3,6.2,5.8
P0125,2025-09-19,9,1382.0,2,6,3,7.5,7.6
P0125,2025-09-26,10,1382.0,1,4,3,6.6,3.6
P0125,2025-10-03,11,814.0,2,6,2,5.2,3.0
P0125,2025-10-10,12,1139.0,0,5,3,8.3,2.1
P0126,2025-07-25,1,1246.0,1,6,2,9.3,4.2
P0126,2025-08-01,2,717.0,2,4,2,7.0,4.1
P0126,2025-08-08,3,1182.0,0,5,2,9.6,7.1
P0126,2025-08-15,4,908.0,1,5,2,7.3,2.1
P0126,2025-08-22,5,1202.0,1,5,3,8.1,7.2
P0126,2025-08-29,6,1182.0,2,4,1,6.4,3.4
P0126,2025-09-05,7,999.0,1,6,1,7.6,7.5
P0126,2025-09-12,8,725.0,1,5,1,7.9,2.9
P0126,2025-09-19,9,941.0,1,6,2,7.7,3.7
P0126,2025-09-26,10,785.0,1,5,2,6.3,2.5
P0126,2025-10-03,11,820.0,0,4,2,6.2,2.7
P0126,2025-10-10,12,1278.0,2,4,3,7.9,3.3
P0127,2025-07-25,1,705.0,2,6,3,8.1,5.3
P0127,2025-08-01,2,711.0,2,5,3,5.1,7.2
P0127,2025-08-08,3,780.0,1,6,1,9.9,1.3
P0127,2025-08-15,4,859.0,1,5,1,5.7,2.8
P0127,2025-08-22,5,1264.0,0,4,3,8.5,6.2
P0127,2025-08-29,6,1095.0,0,4,1,5.7,2.8
P0127,2025-09-05,7,1011.0,1,5,2,9.7,7.4
P0127,2025-09-12,8,719.0,0,6,3,6.4,2.4
P0127,2025-09-19,9,1247.0,1,5,2,5.4,7.9
P0127,2025-09-26,10,1231.0,0,6,2,7.9,2.9
P0127,2025-10-03,11,1083.0,0,6,3,7.4,3.7
P0127,2025-10-10,12,1113.0,1,5,2,7.6,5.9
P0128,2025-07-25,1,1097.0,1,4,2,5.9,2.1
P0128,2025-08-01,2,989.0,0,6,3,9.8,6.2
P0128,2025-08-08,3,940.0,1,6,1,6.6,6.2
P0128,2025-08-15,4,921.0,2,4,1,7.6,6.8
P0128,2025-08-22,5,1146.0,1,6,1,7.8,7.2
P0128,2025-08-29,6,1040.0,0,6,1,6.1,6.1
P0128,2025-09-05,7,921.0,2,4,1,7.4,1.4
P0128,2025-09-12,8,916.0,1,4,1,6.7,3.7
P0128,2025-09-19,9,1170.0,1,4,3,9.9,6.5
P0128,2025-09-26,10,1172.0,2,5,1,5.5,3.8
P0128,2025-10-03,11,943.0,1,4,1,7.5,5.9
P0128,2025-10-10,12,1037.0,2,4,2,9.8,1.5
P0129,2025-07-25,1,777.0,0,5,1,6.9,3.2
P0129,2025-08-01,2,583.0,2,4,3,5.2,7.0
P0129,2025-08-08,3,744.0,2,6,1,5.8,5.0
P0129,2025-08-15,4,941.0,1,5,2,6.7,7.3
P0129,2025-08-22,5,593.0,0,6,3,6.8,8.0
P0129,2025-08-29,6,780.0,0,4,2,9.8,4.0
P0129,2025-09-05,7,841.0,1,6,2,6.0,1.7
P0129,2025-09-12,8,599.0,2,6,2,8.1,7.2
P0129,2025-09-19,9,740.0,2,5,3,8.9,1.5
P0129,2025-09-26,10,840.0,1,6,2,9.5,7.9
P0129,2025-10-03,11,709.0,0,4,2,9.4,5.5
P0129,2025-10-10,12,1029.0,1,6,1,9.3,4.8
P0130,2025-07-25,1,734.0,2,6,3,7.5,3.7
P0130,2025-08-01,2,805.0,2,4,1,5.6,5.0
P0130,2025-08-08,3,656.0,0,6,2,7.4,6.6
P0130,2025-08-15,4,596.0,2,5,1,5.3,5.6
P0130,2025-08-22,5,803.0,0,5,3,6.7,3.1
P0130,2025-08-29,6,688.0,0,4,1,6.2,3.6
P0130,2025-09-05,7,822.0,0,5,3,9.5,4.1
P0130,2025-09-12,8,940.0,2,4,3,5.3,2.4
P0130,2025-09-19,9,808.0,1,6,1,5.7,4.0
P0130,2025-09-26,10,1047.0,1,4,3,9.5,7.8
P0130,2025-10-03,11,809.0,1,5,2,8.5,3.5
P0130,2025-10-10,12,1009.0,0,5,1,5.9,7.5
P0131,2025-07-25,1,1287.0,2,6,1,6.5,1.5
P0131,2025-08-01,2,976.0,0,5,1,8.0,3.7
P0131,2025-08-08,3,1092.0,0,6,2,6.1,3.9
P0131,2025-08-15,4,1353.0,0,4,3,6.3,2.5
P0131,2025-08-22,5,1369.0,1,6,1,9.3,7.9
P0131,2025-08-29,6,974.0,1,6,2,7.2,3.0
P0131,2025-09-05,7,899.0,0,4,1,5.6,3.7
P0131,2025-09-12,8,1375.0,1,6,3,5.2,7.5
P0131,2025-09-19,9,1234.0,1,6,3,8.6,1.4
P0131,2025-09-26,10,1237.0,2,6,3,9.4,2.9
P0131,2025-10-03,11,886.0,0,6,2,8.1,2.8
P0131,2025-10-10,12,961.0,1,4,3,9.8,1.7
P0132,2025-07-25,1,1006.0,1,6,1,5.7,6.0
P0132,2025-08-01,2,1297.0,2,4,3,8.1,5.0
P0132,2025-08-08,3,813.0,1,4,3,9.8,2.7
P0132,2025-08-15,4,990.0,2,5,2,9.8,5.3
P0132,2025-08-22,5,907.0,1,4,1,8.5,5.5
P0132,2025-08-29,6,1236.0,2,5,2,8.0,3.1
P0132,2025-09-05,7,826.0,1,5,2,7.0,5.7
P0132,2025-09-12,8,1122.0,2,5,1,7.1,1.7
P0132,2025-09-19,9,847.0,0,5,1,8.7,1.6
P0132,2025-09-26,10,717.0,2,6,3,8.2,5.8
P0132,2025-10-03,11,1103.0,2,5,2,6.9,5.0
P0132,2025-10-10,12,743.0,0,5,2,6.9,6.1
P0133,2025-07-25,1,1071.0,0,6,2,8.7,1.6
P0133,2025-08-01,2,864.0,2,5,3,8.1,7.4
P0133,2025-08-08,3,962.0,2,4,2,5.9,5.5
P0133,2025-08-15,4,1104.0,1,6,1,5.1,3.2
P0133,2025-08-22,5,696.0,0,4,3,5.5,2.8
P0133,2025-08-29,6,935.0,0,5,1,7.1,5.4
P0133,2025-09-05,7,794.0,2,4,3,8.0,3.1
P0133,2025-09-12,8,673.0,2,5,3,9.0,7.0
P0133,2025-09-19,9,1029.0,2,4,2,8.3,3.3
P0133,2025-09-26,10,617.0,0,5,1,8.0,7.2
P0133,2025-10-03,11,1062.0,0,5,3,6.2,2.4
P0133,2025-10-10,12,600.0,1,4,2,5.1,3.1
P0134,2025-07-25,1,1170.0,0,4,1,9.9,3.4
P0134,2025-08-01,2,1029.0,0,5,1,8.7,6.3
P0134,2025-08-08,3,1299.0,1,5,3,7.3,6.2
P0134,2025-08-15,4,912.0,1,6,3,5.4,6.3
P0134,2025-08-22,5,798.0,0,5,2,5.3,5.1
P0134,2025-08-29,6,1029.0,1,5,1,9.1,1.2
P0134,2025-09-05,7,1035.0,1,5,1,7.0,5.6
P0134,2025-09-12,8,964.0,1,6,3,7.9,6.3
P0134,2025-09-19,9,1072.0,1,4,2,6.9,1.2
P0134,2025-09-26,10,1310.0,0,4,2,9.7,1.5
P0134,2025-10-03,11,1199.0,1,4,1,7.6,6.1
P0134,2025-10-10,12,1167.0,2,6,3,8.2,5.1
P0135,2025-07-25,1,863.0,1,4,2,5.9,3.9
P0135,2025-08-01,2,1092.0,1,4,1,9.8,5.1
P0135,2025-08-08,3,1300.0,0,6,1,9.5,2.7
P0135,2025-08-15,4,905.0,0,5,3,6.6,5.6
P0135,2025-08-22,5,1242.0,2,4,3,7.5,5.6
P0135,2025-08-29,6,1406.0,0,6,1,9.7,4.5
P0135,2025-09-05,7,1045.0,1,6,3,6.2,1.4
P0135,2025-09-12,8,1129.0,0,4,3,8.9,6.9
P0135,2025-09-19,9,1074.0,0,4,1,9.7,6.1
P0135,2025-09-26,10,1386.0,2,6,3,7.0,2.8
P0135,2025-10-03,11,877.0,0,4,3,5.3,4.1
P0135,2025-10-10,12,881.0,2,6,2,6.9,5.3
P0136,2025-07-25,1,930.0,0,6,1,9.9,5.7
P0136,2025-08-01,2,1070.0,1,6,1,5.2,6.9
P0136,2025-08-08,3,745.0,1,5,1,5.3,4.4
P0136,2025-08-15,4,745.0,2,6,2,6.7,5.0
P0136,2025-08-22,5,809.0,1,5,1,5.9,1.6
P0136,2025-08-29,6,833.0,2,6,2,9.6,3.5
P0136,2025-09-05,7,1054.0,0,5,2,8.2,7.8
P0136,2025-09-12,8,935.0,2,6,3,8.1,7.7
P0136,2025-09-19,9,823.0,0,4,2,7.2,3.4
P0136,2025-09-26,10,719.0,1,5,1,6.8,4.3
P0136,2025-10-03,11,1097.0,0,5,3,6.2,3.6
P0136,2025-10-10,12,980.0,1,4,2,5.6,7.2
P0137,2025-07-25,1,869.0,1,6,1,7.3,5.4
P0137,2025-08-01,2,771.0,1,5,3,5.6,2.2
P0137,2025-08-08,3,1056.0,2,6,1,8.2,4.1
P0137,2025-08-15,4,998.0,2,6,2,8.8,5.4
P0137,2025-08-22,5,802.0,1,5,3,7.9,1.1
P0137,2025-08-29,6,1157.0,1,6,1,9.1,1.2
P0137,2025-09-05,7,874.0,0,5,2,6.8,4.7
P0137,2025-09-12,8,1089.0,2,4,2,5.5,2.1
P0137,2025-09-19,9,838.0,0,5,3,9.6,6.1
P0137,2025-09-26,10,671.0,0,6,2,7.6,2.4
P0137,2025-10-03,11,1100.0,1,6,1,9.5,7.4
P0137,2025-10-10,12,914.0,1,6,2,6.5,3.3
P0138,2025-07-25,1,866.0,1,5,2,6.1,2.1
P0138,2025-08-01,2,943.0,0,4,1,5.2,4.5
P0138,2025-08-08,3,1198.0,2,6,2,6.1,5.2
P0138,2025-08-15,4,811.0,1,6,3,9.3,5.4
P0138,2025-08-22,5,1160.0,0,4,1,7.2,5.6
P0138,2025-08-29,6,783.0,2,4,1,8.5,3.0
P0138,2025-09-05,7,786.0,2,6,2,8.4,7.7
P0138,2025-09-12,8,887.0,2,4,3,6.1,2.3
P0138,2025-09-19,9,1052.0,1,4,3,6.2,1.3
P0138,2025-09-26,10,1117.0,0,4,2,8.4,2.8
P0138,2025-10-03,11,1250.0,2,6,1,9.5,4.4
P0138,2025-10-10,12,1117.0,0,4,2,7.8,2.9
P0139,2025-07-25,1,715.0,0,5,1,5.1,7.7
P0139,2025-08-01,2,862.0,1,4,3,5.4,3.4
P0139,2025-08-08,3,1084.0,0,6,3,7.4,5.3
P0139,2025-08-15,4,960.0,1,4,3,6.6,1.2
P0139,2025-08-22,5,647.0,0,6,3,9.4,4.6
P0139,2025-08-29,6,944.0,2,4,1,5.2,6.4
P0139,2025-09-05,7,1091.0,2,5,1,7.6,5.3
P0139,2025-09-12,8,851.0,1,6,1,6.7,5.1
P0139,2025-09-19,9,805.0,1,4,1,7.6,6.7
P0139,2025-09-26,10,907.0,1,5,2,5.9,6.8
P0139,2025-10-03,11,936.0,2,5,3,7.0,4.6
P0139,2025-10-10,12,1093.0,2,6,2,7.5,6.0
P0140,2025-07-25,1,757.0,1,6,1,8.3,5.8
P0140,2025-08-01,2,842.0,1,4,3,9.3,1.4
P0140,2025-08-08,3,672.0,0,4,2,8.0,6.1
P0140,2025-08-15,4,787.0,1,5,2,8.7,3.3
P0140,2025-08-22,5,848.0,1,6,3,9.6,2.8
P0140,2025-08-29,6,714.0,0,6,2,6.8,2.6
P0140,2025-09-05,7,916.0,2,4,3,9.0,4.3
P0140,2025-09-12,8,1004.0,1,4,3,9.5,3.2
P0140,2025-09-19,9,831.0,0,4,3,8.9,2.4
P0140,2025-09-26,10,1001.0,1,5,1,9.5,6.5
P0140,2025-10-03,11,1060.0,2,4,1,7.2,1.0
P0140,2025-10-10,12,1042.0,2,4,3,9.0,5.3
P0141,2025-07-25,1,729.0,1,6,1,5.8,2.7
P0141,2025-08-01,2,1146.0,2,4,1,7.5,1.4
P0141,2025-08-08,3,1119.0,1,4,3,6.8,6.3
P0141,2025-08-15,4,798.0,0,5,2,8.8,5.0
P0141,2025-08-22,5,1084.0,2,6,3,8.6,4.8
P0141,2025-08-29,6,831.0,1,6,2,7.1,7.7
P0141,2025-09-05,7,840.0,2,6,3,5.4,4.5
P0141,2025-09-12,8,890.0,1,5,1,5.8,4.8
P0141,2025-09-19,9,1085.0,2,4,2,5.5,5.2
P0141,2025-09-26,10,776.0,2,6,2,9.5,4.8
P0141,2025-10-03,11,1000.0,0,5,3,9.8,4.1
P0141,2025-10-10,12,1134.0,2,5,2,8.4,5.8
P0142,2025-07-25,1,1419.0,0,4,3,5.1,3.3
P0142,2025-08-01,2,841.0,2,5,3,6.0,4.7
P0142,2025-08-08,3,938.0,1,5,3,5.4,1.9
P0142,2025-08-15,4,1328.0,2,5,1,6.4,7.3
P0142,2025-08-22,5,1328.0,1,4,3,8.0,1.7
P0142,2025-08-29,6,937.0,0,5,1,9.5,7.0
P0142,2025-09-05,7,1363.0,2,5,2,8.4,6.6
P0142,2025-09-12,8,1252.0,1,4,2,9.7,3.0
P0142,2025-09-19,9,1110.0,0,4,2,7.1,7.2
P0142,2025-09-26,10,879.0,0,6,1,6.4,4.1
P0142,2025-10-03,11,1012.0,1,5,2,6.9,5.4
P0142,2025-10-10,12,1355.0,2,6,1,7.8,1.5
P0143,2025-07-25,1,923.0,2,6,1,7.8,7.6
P0143,2025-08-01,2,1272.0,0,5,1,6.1,2.8
P0143,2025-08-08,3,1075.0,2,6,3,8.0,4.8
P0143,2025-08-15,4,1025.0,1,6,2,9.4,7.8
P0143,2025-08-22,5,970.0,2,5,1,9.2,5.9
P0143,2025-08-29,6,1176.0,2,5,3,8.1,6.9
P0143,2025-09-05,7,860.0,0,6,1,6.4,7.8
P0143,2025-09-12,8,920.0,0,4,1,5.3,7.3
P0143,2025-09-19,9,775.0,2,6,2,7.4,4.2
P0143,2025-09-26,10,964.0,2,5,1,8.3,2.1
P0143,2025-10-03,11,1223.0,0,5,2,9.6,2.2
P0143,2025-10-10,12,922.0,2,5,2,5.8,3.0
P0144,2025-07-25,1,1192.0,2,5,3,6.2,2.8
P0144,2025-08-01,2,1274.0,2,4,1,9.9,4.1
P0144,2025-08-08,3,1320.0,1,4,3,5.6,7.1
P0144,2025-08-15,4,1314.0,0,4,3,8.1,6.5
P0144,2025-08-22,5,1276.0,1,6,1,7.4,2.1
P0144,2025-08-29,6,854.0,1,6,1,7.5,5.9
P0144,2025-09-05,7,1092.0,2,4,2,9.1,5.8
P0144,2025-09-12,8,1061.0,1,6,1,9.9,1.4
P0144,2025-09-19,9,795.0,1,4,1,5.2,6.8
P0144,2025-09-26,10,1037.0,1,6,1,8.3,6.5
P0144,2025-10-03,11,949.0,1,5,3,8.1,6.7
P0144,2025-10-10,12,935.0,1,6,3,9.4,7.8
P0145,2025-07-25,1,808.0,2,5,1,5.5,3.6
P0145,2025-08-01,2,969.0,1,6,2,5.7,6.7
P0145,2025-08-08,3,1205.0,0,5,1,9.5,7.1
P0145,2025-08-15,4,1048.0,0,5,3,6.5,6.7
P0145,2025-08-22,5,1039.0,0,4,1,5.6,3.0
P0145,2025-08-29,6,1394.0,1,6,1,6.4,3.1
P0145,2025-09-05,7,1068.0,1,5,3,6.6,7.0
P0145,2025-09-12,8,1286.0,0,6,2,7.7,6.8
P0145,2025-09-19,9,959.0,2,4,1,5.1,2.7
P0145,2025-09-26,10,1116.0,1,6,3,7.9,4.6
P0145,2025-10-03,11,1103.0,2,6,3,6.0,5.9
P0145,2025-10-10,12,880.0,0,5,2,7.6,2.0
P0146,2025-07-25,1,1068.0,1,5,3,7.5,4.0
P0146,2025-08-01,2,1064.0,0,4,2,8.6,1.5
P0146,2025-08-08,3,854.0,0,5,3,5.1,7.5
P0146,2025-08-15,4,723.0,2,4,3,6.2,2.8
P0146,2025-08-22,5,716.0,2,6,3,9.1,6.9
P0146,2025-08-29,6,1162.0,0,4,1,8.7,7.4
P0146,2025-09-05,7,997.0,0,5,3,8.1,6.1
P0146,2025-09-12,8,1131.0,0,5,3,7.6,7.7
P0146,2025-09-19,9,771.0,2,6,3,7.7,6.6
P0146,2025-09-26,10,1008.0,0,4,1,6.7,1.3
P0146,2025-10-03,11,1226.0,0,6,1,6.3,5.3
P0146,2025-10-10,12,996.0,2,5,2,6.8,1.0
P0147,2025-07-25,1,846.0,1,6,3,8.6,2.8
P0147,2025-08-01,2,674.0,1,6,1,6.4,2.5
P0147,2025-08-08,3,863.0,1,4,2,7.9,2.0
P0147,2025-08-15,4,760.0,2,6,3,6.1,5.3
P0147,2025-08-22,5,718.0,2,4,3,8.5,1.4
P0147,2025-08-29,6,744.0,0,4,2,8.5,7.7
P0147,2025-09-05,7,898.0,1,6,3,6.5,1.2
P0147,2025-09-12,8,613.0,1,5,1,7.3,8.0
P0147,2025-09-19,9,906.0,2,6,3,9.2,5.3
P0147,2025-09-26,10,949.0,2,4,2,7.1,1.3
P0147,2025-10-03,11,1086.0,1,4,2,5.9,5.0
P0147,2025-10-10,12,776.0,0,6,1,7.1,2.7
P0148,2025-07-25,1,738.0,1,5,3,8.3,6.7
P0148,2025-08-01,2,1130.0,2,5,3,9.2,7.8
P0148,2025-08-08,3,1139.0,2,5,1,6.1,2.5
P0148,2025-08-15,4,993.0,1,5,3,6.7,4.3
P0148,2025-08-22,5,779.0,0,6,1,6.5,1.8
P0148,2025-08-29,6,990.0,1,5,2,9.4,7.2
P0148,2025-09-05,7,867.0,1,4,3,6.9,1.7
P0148,2025-09-12,8,1065.0,1,4,3,9.4,4.1
P0148,2025-09-19,9,812.0,1,6,3,8.1,1.6
P0148,2025-09-26,10,1173.0,2,5,2,9.4,4.1
P0148,2025-10-03,11,885.0,2,4,2,9.6,5.2
P0148,2025-10-10,12,1347.0,2,5,1,9.7,5.2
P0149,2025-07-25,1,1141.0,2,4,1,8.5,1.7
P0149,2025-08-01,2,652.0,0,6,2,7.0,6.4
P0149,2025-08-08,3,1169.0,0,5,3,5.8,2.4
P0149,2025-08-15,4,864.0,2,5,2,5.0,6.5
P0149,2025-08-22,5,1095.0,1,6,1,7.3,1.7
P0149,2025-08-29,6,828.0,1,5,1,6.0,2.5
P0149,2025-09-05,7,992.0,2,5,1,8.8,3.7
P0149,2025-09-12,8,1058.0,2,5,1,9.0,5.5
P0149,2025-09-19,9,679.0,1,6,1,9.2,5.1
P0149,2025-09-26,10,849.0,2,5,1,5.9,7.7
P0149,2025-10-03,11,1038.0,0,4,2,6.8,3.7
P0149,2025-10-10,12,1081.0,1,5,2,8.1,2.6
P0150,2025-07-25,1,1156.0,1,5,2,9.0,2.7
P0150,2025-08-01,2,1257.0,0,6,3,9.4,6.7
P0150,2025-08-08,3,1084.0,0,4,2,7.4,4.0
P0150,2025-08-15,4,1160.0,1,4,2,5.3,6.4
P0150,2025-08-22,5,932.0,1,4,2,7.9,5.2
P0150,2025-08-29,6,1192.0,2,5,3,8.6,4.5
P0150,2025-09-05,7,1089.0,2,5,1,5.7,1.1
P0150,2025-09-12,8,1099.0,0,6,2,7.5,6.6
P0150,2025-09-19,9,1053.0,0,6,2,7.5,2.3
P0150,2025-09-26,10,929.0,0,6,2,8.7,2.2
P0150,2025-10-03,11,866.0,0,6,2,8.7,5.9
P0150,2025-10-10,12,1201.0,0,5,3,8.3,4.1
P0151,2025-07-25,1,1192.0,0,5,1,8.2,2.3
P0151,2025-08-01,2,1092.0,2,4,3,7.0,3.0
P0151,2025-08-08,3,892.0,2,4,3,7.8,2.6
P0151,2025-08-15,4,1333.0,1,4,1,5.4,1.3
P0151,2025-08-22,5,850.0,1,4,2,6.2,3.6
P0151,2025-08-29,6,1272.0,2,5,2,8.2,3.4
P0151,2025-09-05,7,822.0,0,5,2,6.2,6.0
P0151,2025-09-12,8,1229.0,1,4,2,5.7,6.3
P0151,2025-09-19,9,886.0,1,6,3,6.2,6.3
P0151,2025-09-26,10,1300.0,0,6,3,7.4,2.0
P0151,2025-10-03,11,1026.0,1,4,2,8.8,1.5
P0151,2025-10-10,12,1234.0,1,6,3,6.5,4.4
P0152,2025-07-25,1,673.0,1,4,1,5.8,2.6
P0152,2025-08-01,2,655.0,1,6,3,7.0,4.7
P0152,2025-08-08,3,946.0,1,5,2,9.4,6.1
P0152,2025-08-15,4,782.0,1,5,2,5.1,7.9
P0152,2025-08-22,5,762.0,2,6,2,6.4,7.0
P0152,2025-08-29,6,1134.0,1,6,2,9.8,4.4
P0152,2025-09-05,7,970.0,1,4,1,6.1,1.8
P0152,2025-09-12,8,688.0,2,5,1,7.1,7.9
P0152,2025-09-19,9,697.0,0,6,2,6.6,4.7
P0152,2025-09-26,10,1113.0,0,4,2,6.9,2.0
P0152,2025-10-03,11,736.0,0,6,1,7.1,1.1
P0152,2025-10-10,12,1134.0,2,5,3,5.5,3.2
P0153,2025-07-25,1,1367.0,2,4,1,5.1,3.5
P0153,2025-08-01,2,1369.0,0,4,2,8.0,7.2
P0153,2025-08-08,3,1243.0,1,5,3,10.0,3.5
P0153,2025-08-15,4,1062.0,0,4,3,9.7,7.5
P0153,2025-08-22,5,782.0,2,5,1,6.9,6.7
P0153,2025-08-29,6,1168.0,2,6,1,9.7,2.7
P0153,2025-09-05,7,960.0,1,5,3,8.0,5.8
P0153,2025-09-12,8,1114.0,0,5,2,9.5,5.4
P0153,2025-09-19,9,952.0,1,4,2,7.0,4.1
P0153,2025-09-26,10,817.0,0,5,2,7.8,5.2
P0153,2025-10-03,11,1050.0,1,6,1,9.0,2.3
P0153,2025-10-10,12,1264.0,2,4,1,7.5,5.5
P0154,2025-07-25,1,1093.0,0,4,3,8.2,3.8
P0154,2025-08-01,2,1162.0,2,4,1,9.7,3.5
P0154,2025-08-08,3,1180.0,0,5,1,5.4,4.4
P0154,2025-08-15,4,1251.0,0,4,3,9.3,4.8
P0154,2025-08-22,5,1105.0,1,6,2,6.9,4.2
P0154,2025-08-29,6,826.0,2,5,3,5.8,5.8
P0154,2025-09-05,7,1489.0,0,4,2,7.8,1.6
P0154,2025-09-12,8,1328.0,2,4,1,8.9,6.5
P0154,2025-09-19,9,1466.0,0,4,3,5.5,4.2
P0154,2025-09-26,10,1368.0,1,5,2,8.6,7.8
P0154,2025-10-03,11,1216.0,1,6,2,5.5,6.1
P0154,2025-10-10,12,1042.0,0,5,1,7.8,3.5
P0155,2025-07-25,1,1181.0,0,4,3,9.3,4.5
P0155,2025-08-01,2,1151.0,0,5,3,9.2,6.4
P0155,2025-08-08,3,976.0,0,4,3,7.5,1.1
P0155,2025-08-15,4,1018.0,0,4,1,9.9,5.1
P0155,2025-08-22,5,1176.0,0,6,3,7.5,1.1
P0155,2025-08-29,6,1160.0,0,5,2,7.8,7.7
P0155,2025-09-05,7,833.0,0,5,2,9.7,7.9
P0155,2025-09-12,8,1079.0,0,5,1,8.2,7.1
P0155,2025-09-19,9,1250.0,1,4,3,8.2,4.2
P0155,2025-09-26,10,1061.0,1,5,2,7.4,6.8
P0155,2025-10-03,11,944.0,2,6,2,5.5,7.7
P0155,2025-10-10,12,1321.0,2,6,2,10.0,3.1
P0156,2025-07-25,1,818.0,1,5,3,6.0,6.0
P0156,2025-08-01,2,715.0,1,5,2,6.0,7.4
P0156,2025-08-08,3,735.0,0,4,2,8.3,1.9
P0156,2025-08-15,4,974.0,0,6,3,8.8,5.8
P0156,2025-08-22,5,995.0,0,6,3,5.6,5.0
P0156,2025-08-29,6,1010.0,1,6,1,6.1,4.4
P0156,2025-09-05,7,1238.0,0,6,3,8.5,1.8
P0156,2025-09-12,8,1023.0,2,4,3,5.9,1.9
P0156,2025-09-19,9,714.0,1,4,2,6.8,1.4
P0156,2025-09-26,10,1029.0,2,5,1,8.3,4.3
P0156,2025-10-03,11,768.0,1,4,2,7.0,7.6
P0156,2025-10-10,12,878.0,2,6,2,8.0,2.4
P0157,2025-07-25,1,663.0,2,6,1,9.3,4.8
P0157,2025-08-01,2,707.0,2,4,3,9.4,2.8
P0157,2025-08-08,3,613.0,0,5,2,9.2,6.2
P0157,2025-08-15,4,1019.0,1,4,3,5.9,2.1
P0157,2025-08-22,5,767.0,0,6,2,7.4,5.6
P0157,2025-08-29,6,777.0,1,5,2,8.9,5.9
P0157,2025-09-05,7,661.0,2,4,3,5.2,7.9
P0157,2025-09-12,8,695.0,0,4,2,7.1,1.8
P0157,2025-09-19,9,728.0,0,6,2,8.1,1.1
P0157,2025-09-26,10,938.0,0,4,1,6.7,5.2
P0157,2025-10-03,11,650.0,2,5,2,6.0,7.4
P0157,2025-10-10,12,693.0,0,4,3,6.4,2.3
P0158,2025-07-25,1,1242.0,2,6,2,5.1,3.5
P0158,2025-08-01,2,1109.0,2,4,3,7.1,1.1
P0158,2025-08-08,3,815.0,1,6,1,6.2,2.9
P0158,2025-08-15,4,1199.0,2,5,3,9.9,1.9
P0158,2025-08-22,5,779.0,2,4,3,9.6,2.8
P0158,2025-08-29,6,999.0,2,5,2,6.3,2.6
P0158,2025-09-05,7,1234.0,1,5,2,5.8,5.7
P0158,2025-09-12,8,1147.0,1,4,2,6.3,5.2
P0158,2025-09-19,9,749.0,0,4,2,9.2,2.6
P0158,2025-09-26,10,1152.0,0,5,1,5.6,6.0
P0158,2025-10-03,11,804.0,0,6,2,6.8,3.6
P0158,2025-10-10,12,1109.0,0,5,2,7.1,2.6
P0159,2025-07-25,1,815.0,1,4,1,6.0,4.8
P0159,2025-08-01,2,1040.0,1,5,2,6.7,7.9
P0159,2025-08-08,3,948.0,0,4,3,6.1,4.3
P0159,2025-08-15,4,1319.0,0,5,2,8.5,3.8
P0159,2025-08-22,5,1145.0,2,6,2,6.5,2.1
P0159,2025-08-29,6,1308.0,1,4,3,8.2,3.9
P0159,2025-09-05,7,1230.0,2,4,2,9.8,3.0
P0159,2025-09-12,8,1268.0,2,5,2,7.3,1.1
P0159,2025-09-19,9,883.0,1,5,1,9.6,1.8
P0159,2025-09-26,10,888.0,1,6,2,6.6,1.6
P0159,2025-10-03,11,1191.0,2,6,2,5.7,5.8
P0159,2025-10-10,12,849.0,1,5,1,6.9,1.4
P0160,2025-07-25,1,1064.0,1,6,2,7.4,7.5
P0160,2025-08-01,2,1074.0,1,5,3,5.6,1.8
P0160,2025-08-08,3,1445.0,0,4,1,5.2,2.9
P0160,2025-08-15,4,1279.0,1,6,1,5.6,1.5
P0160,2025-08-22,5,1388.0,0,4,1,6.8,6.5
P0160,2025-08-29,6,917.0,2,6,1,7.4,1.9
P0160,2025-09-05,7,1366.0,0,5,2,5.6,6.9
P0160,2025-09-12,8,1343.0,0,6,2,9.4,5.5
P0160,2025-09-19,9,1058.0,0,6,2,8.8,7.2
P0160,2025-09-26,10,1295.0,2,4,3,7.1,2.8
P0160,2025-10-03,11,1325.0,0,5,3,8.5,3.2
P0160,2025-10-10,12,1438.0,0,5,1,9.8,2.7
P0161,2025-07-25,1,585.0,0,4,2,5.4,2.8
P0161,2025-08-01,2,1054.0,0,5,1,5.2,2.0
P0161,2025-08-08,3,928.0,2,4,1,5.8,5.8
P0161,2025-08-15,4,954.0,1,5,1,8.6,2.3
P0161,2025-08-22,5,948.0,1,4,1,5.0,3.2
P0161,2025-08-29,6,625.0,2,6,3,9.4,1.1
P0161,2025-09-05,7,852.0,0,6,1,8.8,6.1
P0161,2025-09-12,8,925.0,1,4,1,7.4,6.0
P0161,2025-09-19,9,1016.0,1,4,3,9.7,5.0
P0161,2025-09-26,10,669.0,1,6,2,7.5,4.8
P0161,2025-10-03,11,592.0,1,4,3,7.6,7.2
P0161,2025-10-10,12,744.0,0,6,2,6.2,2.9
P0162,2025-07-25,1,1207.0,2,6,1,9.2,5.1
P0162,2025-08-01,2,1037.0,1,4,2,6.3,6.7
P0162,2025-08-08,3,1191.0,1,6,3,7.8,2.4
P0162,2025-08-15,4,1104.0,1,6,3,9.2,5.7
P0162,2025-08-22,5,1135.0,2,5,1,5.7,6.7
P0162,2025-08-29,6,1120.0,2,6,3,9.4,4.0
P0162,2025-09-05,7,889.0,1,4,1,6.2,2.4
P0162,2025-09-12,8,780.0,1,4,2,9.0,3.5
P0162,2025-09-19,9,1088.0,0,4,2,9.7,7.1
P0162,2025-09-26,10,1146.0,2,5,3,9.6,7.6
P0162,2025-10-03,11,929.0,0,5,3,7.3,5.8
P0162,2025-10-10,12,1170.0,2,6,1,6.7,6.4
P0163,2025-07-25,1,808.0,0,4,3,9.9,7.9
P0163,2025-08-01,2,832.0,0,4,3,6.6,4.4
P0163,2025-08-08,3,710.0,1,6,1,9.5,6.7
P0163,2025-08-15,4,774.0,0,6,1,5.8,4.5
P0163,2025-08-22,5,650.0,2,5,2,6.2,1.7
P0163,2025-08-29,6,826.0,1,6,2,9.1,1.5
P0163,2025-09-05,7,909.0,0,4,2,9.9,3.8
P0163,2025-09-12,8,875.0,2,5,3,7.3,6.1
P0163,2025-09-19,9,863.0,2,6,1,6.2,4.1
P0163,2025-09-26,10,683.0,0,5,2,9.5,3.4
P0163,2025-10-03,11,767.0,0,4,3,5.3,3.6
P0163,2025-10-10,12,981.0,1,5,1,5.1,4.1
P0164,2025-07-25,1,1248.0,1,5,1,9.6,1.7
P0164,2025-08-01,2,733.0,2,5,3,8.9,5.7
P0164,2025-08-08,3,1142.0,1,6,3,8.4,5.5
P0164,2025-08-15,4,1282.0,0,4,1,6.5,5.9
P0164,2025-08-22,5,1259.0,1,5,2,7.1,6.7
P0164,2025-08-29,6,1180.0,2,5,1,6.6,7.1
P0164,2025-09-05,7,767.0,2,4,1,6.4,1.8
P0164,2025-09-12,8,742.0,2,6,3,6.8,5.7
P0164,2025-09-19,9,838.0,2,6,2,8.2,4.0
P0164,2025-09-26,10,785.0,1,6,2,9.5,5.4
P0164,2025-10-03,11,1298.0,0,6,3,6.0,6.7
P0164,2025-10-10,12,921.0,2,4,3,6.1,4.6
P0165,2025-07-25,1,1225.0,1,5,3,5.8,1.1
P0165,2025-08-01,2,931.0,2,4,2,5.7,5.1
P0165,2025-08-08,3,1035.0,0,4,1,7.4,6.1
P0165,2025-08-15,4,1296.0,2,4,3,6.0,5.1
P0165,2025-08-22,5,1274.0,2,4,1,8.6,3.1
P0165,2025-08-29,6,890.0,0,5,1,8.0,3.5
P0165,2025-09-05,7,793.0,1,5,3,9.1,6.2
P0165,2025-09-12,8,1003.0,2,6,2,7.2,7.7
P0165,2025-09-19,9,1262.0,2,6,2,9.2,1.7
P0165,2025-09-26,10,876.0,0,6,3,7.8,8.0
P0165,2025-10-03,11,1063.0,2,4,3,7.7,6.5
P0165,2025-10-10,12,1219.0,1,6,2,8.2,2.1
P0166,2025-07-25,1,803.0,0,5,2,6.1,1.4
P0166,2025-08-01,2,869.0,2,6,1,5.2,6.0
P0166,2025-08-08,3,1076.0,0,5,3,5.3,2.4
P0166,2025-08-15,4,638.0,0,6,1,7.9,2.6
P0166,2025-08-22,5,613.0,0,4,3,6.9,4.2
P0166,2025-08-29,6,1016.0,1,5,1,8.3,1.1
P0166,2025-09-05,7,912.0,0,5,2,7.7,3.5
P0166,2025-09-12,8,715.0,2,4,2,7.5,6.1
P0166,2025-09-19,9,835.0,2,5,1,7.2,3.3
P0166,2025-09-26,10,648.0,0,5,3,8.8,3.3
P0166,2025-10-03,11,997.0,2,4,2,8.9,2.7
P0166,2025-10-10,12,723.0,2,6,2,6.2,1.6
P0167,2025-07-25,1,913.0,0,4,1,6.8,4.0
P0167,2025-08-01,2,959.0,2,6,1,6.0,3.7
P0167,2025-08-08,3,1055.0,0,6,3,8.8,4.5
P0167,2025-08-15,4,1247.0,1,4,3,9.0,5.7
P0167,2025-08-22,5,989.0,1,6,3,6.7,4.2
P0167,2025-08-29,6,1143.0,2,4,1,5.5,3.4
P0167,2025-09-05,7,1017.0,0,6,3,5.5,3.3
P0167,2025-09-12,8,824.0,1,6,3,8.6,2.1
P0167,2025-09-19,9,756.0,0,5,2,5.7,4.3
P0167,2025-09-26,10,908.0,1,6,2,8.7,4.6
P0167,2025-10-03,11,727.0,0,5,2,8.3,5.0
P0167,2025-10-10,12,726.0,1,4,1,8.7,6.1
P0168,2025-07-25,1,743.0,0,4,2,8.0,3.6
P0168,2025-08-01,2,848.0,1,5,2,6.9,5.6
P0168,2025-08-08,3,742.0,0,6,1,7.8,5.5
P0168,2025-08-15,4,822.0,2,6,1,7.4,7.8
P0168,2025-08-22,5,1181.0,0,4,3,6.1,6.8
P0168,2025-08-29,6,1047.0,1,4,3,8.5,5.3
P0168,2025-09-05,7,1145.0,2,6,1,8.0,3.6
P0168,2025-09-12,8,860.0,0,4,2,9.0,2.1
P0168,2025-09-19,9,952.0,0,5,1,5.0,3.6
P0168,2025-09-26,10,990.0,1,6,2,8.8,2.3
P0168,2025-10-03,11,1027.0,0,6,1,6.6,4.1
P0168,2025-10-10,12,758.0,0,5,2,5.1,5.2
P0169,2025-07-25,1,1316.0,1,4,1,6.1,5.6
P0169,2025-08-01,2,1096.0,1,5,3,5.7,3.6
P0169,2025-08-08,3,1325.0,1,4,3,6.9,2.7
P0169,2025-08-15,4,1129.0,2,4,2,8.2,6.3
P0169,2025-08-22,5,884.0,0,5,1,6.3,5.3
P0169,2025-08-29,6,1168.0,2,6,1,10.0,5.6
P0169,2025-09-05,7,1314.0,1,5,3,5.9,3.1
P0169,2025-09-12,8,1301.0,1,4,3,5.7,4.6
P0169,2025-09-19,9,1215.0,1,5,1,5.3,3.8
P0169,2025-09-26,10,1228.0,2,6,1,9.1,6.2
P0169,2025-10-03,11,1358.0,2,4,3,7.7,4.8
P0169,2025-10-10,12,841.0,0,4,3,7.3,7.3
P0170,2025-07-25,1,1219.0,2,5,2,7.2,2.0
P0170,2025-08-01,2,922.0,1,4,3,6.7,4.2
P0170,2025-08-08,3,1248.0,0,6,1,6.1,2.3
P0170,2025-08-15,4,991.0,1,6,3,9.9,2.0
P0170,2025-08-22,5,924.0,0,6,2,5.8,7.3
P0170,2025-08-29,6,858.0,1,5,1,9.8,4.5
P0170,2025-09-05,7,1048.0,1,4,3,7.3,4.1
P0170,2025-09-12,8,1189.0,2,5,1,6.2,6.1
P0170,2025-09-19,9,738.0,1,6,3,10.0,1.8
P0170,2025-09-26,10,1033.0,2,6,3,8.6,6.2
P0170,2025-10-03,11,1136.0,0,6,1,8.7,6.3
P0170,2025-10-10,12,1070.0,2,6,3,9.3,5.4
P0171,2025-07-25,1,948.0,2,5,3,7.5,5.1
P0171,2025-08-01,2,968.0,0,4,2,6.6,5.9
P0171,2025-08-08,3,690.0,0,5,1,5.9,6.0
P0171,2025-08-15,4,989.0,2,4,1,6.2,3.6
P0171,2025-08-22,5,1056.0,2,6,3,6.1,6.5
P0171,2025-08-29,6,779.0,2,4,2,7.7,1.7
P0171,2025-09-05,7,975.0,2,4,3,5.0,3.8
P0171,2025-09-12,8,945.0,2,6,1,6.0,5.2
P0171,2025-09-19,9,846.0,1,4,3,7.5,7.4
P0171,2025-09-26,10,832.0,1,6,3,5.2,4.4
P0171,2025-10-03,11,890.0,2,4,3,9.0,2.1
P0171,2025-10-10,12,825.0,1,6,1,6.5,6.2
P0172,2025-07-25,1,1011.0,1,6,3,8.7,6.2
P0172,2025-08-01,2,906.0,2,5,2,9.3,6.6
P0172,2025-08-08,3,890.0,1,5,2,6.2,4.6
P0172,2025-08-15,4,703.0,0,6,2,8.6,6.1
P0172,2025-08-22,5,722.0,0,5,1,9.2,6.3
P0172,2025-08-29,6,949.0,2,6,2,7.6,1.3
P0172,2025-09-05,7,643.0,0,4,2,10.0,7.8
P0172,2025-09-12,8,1147.0,0,4,2,6.5,5.6
P0172,2025-09-19,9,777.0,2,5,1,9.8,7.6
P0172,2025-09-26,10,995.0,0,4,3,6.9,7.3
P0172,2025-10-03,11,780.0,1,4,1,5.5,6.1
P0172,2025-10-10,12,703.0,0,6,1,9.6,1.2
P0173,2025-07-25,1,787.0,2,4,2,7.3,3.8
P0173,2025-08-01,2,1368.0,2,6,2,8.7,4.1
P0173,2025-08-08,3,1244.0,0,4,2,6.7,6.4
P0173,2025-08-15,4,966.0,0,4,1,7.3,6.8
P0173,2025-08-22,5,1259.0,2,4,3,5.4,6.0
P0173,2025-08-29,6,1148.0,0,5,2,6.7,6.3
P0173,2025-09-05,7,1086.0,2,4,2,7.9,6.8
P0173,2025-09-12,8,919.0,0,6,3,6.1,4.5
P0173,2025-09-19,9,1358.0,2,5,2,9.6,4.5
P0173,2025-09-26,10,1386.0,2,5,2,9.6,3.7
P0173,2025-10-03,11,1126.0,2,4,3,7.8,7.4
P0173,2025-10-10,12,1090.0,1,5,1,8.8,1.4
P0174,2025-07-25,1,885.0,2,5,1,9.3,4.7
P0174,2025-08-01,2,997.0,0,6,3,8.3,1.1
P0174,2025-08-08,3,724.0,0,5,2,6.3,7.6
P0174,2025-08-15,4,695.0,1,4,3,8.5,6.9
P0174,2025-08-22,5,906.0,1,4,1,6.6,6.2
P0174,2025-08-29,6,706.0,0,6,1,9.1,2.1
P0174,2025-09-05,7,772.0,2,6,1,9.4,5.6
P0174,2025-09-12,8,674.0,0,6,2,7.2,5.2
P0174,2025-09-19,9,1000.0,0,4,2,5.6,5.1
P0174,2025-09-26,10,956.0,1,4,2,6.3,2.9
P0174,2025-10-03,11,932.0,2,5,2,7.1,2.8
P0174,2025-10-10,12,1021.0,2,6,2,5.3,6.7
P0175,2025-07-25,1,1233.0,0,4,1,9.5,7.2
P0175,2025-08-01,2,1098.0,2,5,2,6.3,7.5
P0175,2025-08-08,3,902.0,0,4,1,5.9,5.6
P0175,2025-08-15,4,1122.0,0,5,3,9.4,5.5
P0175,2025-08-22,5,1419.0,0,5,1,8.6,3.3
P0175,2025-08-29,6,1267.0,0,4,2,5.1,2.1
P0175,2025-09-05,7,974.0,2,5,3,5.9,3.5
P0175,2025-09-12,8,811.0,0,6,3,8.2,7.9
P0175,2025-09-19,9,1278.0,2,6,3,6.2,5.2
P0175,2025-09-26,10,1353.0,1,4,1,9.9,3.2
P0175,2025-10-03,11,1101.0,0,5,2,5.7,6.2
P0175,2025-10-10,12,934.0,2,6,3,5.9,4.9
P0176,2025-07-25,1,874.0,2,4,2,5.5,7.2
P0176,2025-08-01,2,1156.0,2,5,2,6.5,1.6
P0176,2025-08-08,3,652.0,2,6,2,6.8,2.5
P0176,2025-08-15,4,1080.0,1,5,3,8.7,7.6
P0176,2025-08-22,5,701.0,1,5,1,9.4,4.6
P0176,2025-08-29,6,977.0,1,6,2,7.9,1.8
P0176,2025-09-05,7,915.0,2,4,2,9.6,4.4
P0176,2025-09-12,8,657.0,2,4,1,6.1,6.7
P0176,2025-09-19,9,787.0,2,5,2,7.8,8.0
P0176,2025-09-26,10,1008.0,0,6,2,7.8,1.7
P0176,2025-10-03,11,892.0,1,6,1,7.3,1.5
P0176,2025-10-10,12,1030.0,1,5,1,6.0,5.2
P0177,2025-07-25,1,1047.0,1,6,1,8.1,3.9
P0177,2025-08-01,2,1138.0,1,6,3,8.8,6.0
P0177,2025-08-08,3,1128.0,2,5,1,8.4,1.7
P0177,2025-08-15,4,859.0,1,6,3,5.3,6.0
P0177,2025-08-22,5,952.0,2,5,2,7.3,2.3
P0177,2025-08-29,6,954.0,1,5,3,7.1,6.7
P0177,2025-09-05,7,847.0,2,4,1,9.3,5.9
P0177,2025-09-12,8,1053.0,1,5,1,5.9,1.2
P0177,2025-09-19,9,751.0,0,4,1,8.8,1.6
P0177,2025-09-26,10,995.0,2,4,1,6.3,7.4
P0177,2025-10-03,11,908.0,1,5,1,9.1,1.9
P0177,2025-10-10,12,839.0,0,4,3,6.1,7.8
P0178,2025-07-25,1,814.0,2,4,2,5.1,7.5
P0178,2025-08-01,2,1246.0,0,6,2,6.1,2.8
P0178,2025-08-08,3,979.0,2,5,3,6.0,1.5
P0178,2025-08-15,4,785.0,2,5,3,6.6,1.5
P0178,2025-08-22,5,1293.0,0,5,1,6.4,7.9
P0178,2025-08-29,6,775.0,2,4,1,6.2,2.1
P0178,2025-09-05,7,1199.0,0,5,2,9.9,1.1
P0178,2025-09-12,8,1055.0,0,6,3,5.0,7.5
P0178,2025-09-19,9,1085.0,2,5,1,6.6,3.8
P0178,2025-09-26,10,1180.0,1,4,3,5.1,6.0
P0178,2025-10-03,11,943.0,2,6,3,9.9,7.6
P0178,2025-10-10,12,1348.0,0,5,2,5.7,1.0
P0179,2025-07-25,1,1494.0,1,5,2,5.2,5.0
P0179,2025-08-01,2,1329.0,2,5,1,9.6,5.4
P0179,2025-08-08,3,1405.0,2,4,2,9.8,5.6
P0179,2025-08-15,4,1176.0,1,6,1,5.8,4.1
P0179,2025-08-22,5,1053.0,2,4,1,8.2,7.6
P0179,2025-08-29,6,891.0,0,6,2,7.5,6.4
P0179,2025-09-05,7,966.0,1,5,2,9.6,4.7
P0179,2025-09-12,8,1308.0,1,6,3,5.2,6.6
P0179,2025-09-19,9,912.0,1,4,3,6.3,5.6
P0179,2025-09-26,10,1241.0,2,5,2,7.2,7.5
P0179,2025-10-03,11,1167.0,1,5,2,7.1,2.6
P0179,2025-10-10,12,940.0,2,6,3,7.0,6.8
P0180,2025-07-25,1,879.0,0,5,2,6.4,2.3
P0180,2025-08-01,2,884.0,1,6,2,9.1,5.7
P0180,2025-08-08,3,1029.0,2,4,3,9.6,4.1
P0180,2025-08-15,4,1103.0,1,6,1,8.2,3.6
P0180,2025-08-22,5,920.0,2,4,1,7.6,5.2
P0180,2025-08-29,6,736.0,0,5,2,9.7,5.5
P0180,2025-09-05,7,769.0,1,6,3,7.5,7.6
P0180,2025-09-12,8,880.0,2,4,2,6.6,5.9
P0180,2025-09-19,9,869.0,2,6,2,6.3,3.1
P0180,2025-09-26,10,700.0,2,4,2,8.4,1.5
P0180,2025-10-03,11,904.0,0,5,1,9.0,6.5
P0180,2025-10-10,12,610.0,2,4,3,9.0,6.2
P0181,2025-07-25,1,1244.0,1,6,2,5.9,3.6
P0181,2025-08-01,2,1015.0,0,5,1,9.1,2.9
P0181,2025-08-08,3,1244.0,1,4,2,8.7,1.1
P0181,2025-08-15,4,1115.0,0,6,3,7.8,6.1
P0181,2025-08-22,5,1201.0,2,5,3,9.9,2.2
P0181,2025-08-29,6,897.0,1,5,1,5.1,3.4
P0181,2025-09-05,7,1222.0,2,5,1,8.9,1.2
P0181,2025-09-12,8,1018.0,2,6,1,8.6,1.9
P0181,2025-09-19,9,1119.0,2,5,2,7.5,1.9
P0181,2025-09-26,10,1225.0,1,4,2,7.0,1.3
P0181,2025-10-03,11,920.0,1,4,3,7.1,2.4
P0181,2025-10-10,12,1275.0,2,5,3,5.9,3.3
P0182,2025-07-25,1,973.0,2,6,1,7.6,2.0
P0182,2025-08-01,2,1170.0,2,6,3,5.1,4.8
P0182,2025-08-08,3,1010.0,0,5,2,8.3,4.6
P0182,2025-08-15,4,1064.0,0,6,3,9.0,3.9
P0182,2025-08-22,5,836.0,1,4,2,7.2,7.2
P0182,2025-08-29,6,831.0,0,4,1,5.6,3.8
P0182,2025-09-05,7,1216.0,2,6,3,9.4,1.2
P0182,2025-09-12,8,1079.0,0,6,1,9.9,3.0
P0182,2025-09-19,9,786.0,1,5,3,7.2,3.9
P0182,2025-09-26,10,839.0,2,5,1,8.0,5.4
P0182,2025-10-03,11,1057.0,0,6,1,9.5,6.5
P0182,2025-10-10,12,788.0,0,5,2,5.8,4.5
P0183,2025-07-25,1,1053.0,0,6,3,7.9,3.3
P0183,2025-08-01,2,1117.0,0,5,3,10.0,2.8
P0183,2025-08-08,3,1059.0,2,6,2,9.7,2.1
P0183,2025-08-15,4,658.0,1,4,3,6.1,3.4
P0183,2025-08-22,5,862.0,0,5,2,9.9,7.9
P0183,2025-08-29,6,1204.0,1,5,2,7.0,1.2
P0183,2025-09-05,7,775.0,0,4,2,9.3,3.5
P0183,2025-09-12,8,925.0,0,4,3,8.4,6.2
P0183,2025-09-19,9,785.0,0,6,2,7.5,5.5
P0183,2025-09-26,10,970.0,0,5,1,5.0,3.4
P0183,2025-10-03,11,988.0,2,6,3,8.3,2.4
P0183,2025-10-10,12,974.0,1,5,3,5.2,1.6
P0184,2025-07-25,1,675.0,0,6,3,6.1,3.0
P0184,2025-08-01,2,1133.0,0,5,3,5.4,1.4
P0184,2025-08-08,3,1096.0,0,4,2,5.6,3.9
P0184,2025-08-15,4,781.0,0,4,2,6.5,1.3
P0184,2025-08-22,5,1037.0,0,6,1,7.6,3.7
P0184,2025-08-29,6,748.0,0,4,3,8.7,5.1
P0184,2025-09-05,7,640.0,2,5,2,9.3,7.2
P0184,2025-09-12,8,875.0,0,5,3,7.2,7.3
P0184,2025-09-19,9,1061.0,0,6,2,9.1,5.0
P0184,2025-09-26,10,649.0,2,4,2,7.0,5.0
P0184,2025-10-03,11,759.0,1,4,3,8.6,6.4
P0184,2025-10-10,12,781.0,0,6,1,7.5,3.4
P0185,2025-07-25,1,871.0,0,5,1,5.5,2.0
P0185,2025-08-01,2,626.0,1,6,2,9.5,2.3
P0185,2025-08-08,3,928.0,1,6,3,5.7,6.4
P0185,2025-08-15,4,1016.0,2,4,3,7.2,3.6
P0185,2025-08-22,5,922.0,0,4,3,6.6,4.1
P0185,2025-08-29,6,814.0,1,4,1,9.4,2.2
P0185,2025-09-05,7,696.0,2,4,2,8.2,3.7
P0185,2025-09-12,8,681.0,2,6,1,6.0,2.9
P0185,2025-09-19,9,779.0,2,5,3,5.2,3.5
P0185,2025-09-26,10,928.0,2,4,3,5.1,2.8
P0185,2025-10-03,11,632.0,1,5,1,8.1,4.5
P0185,2025-10-10,12,1014.0,0,4,3,7.0,3.8
P0186,2025-07-25,1,959.0,2,4,2,6.9,1.2
P0186,2025-08-01,2,984.0,0,4,3,5.8,1.3
P0186,2025-08-08,3,890.0,2,6,1,8.2,5.7
P0186,2025-08-15,4,1321.0,2,5,3,9.9,2.3
P0186,2025-08-22,5,1024.0,2,6,2,9.9,6.7
P0186,2025-08-29,6,904.0,0,5,3,9.5,7.4
P0186,2025-09-05,7,967.0,2,6,1,7.2,5.4
P0186,2025-09-12,8,947.0,1,4,2,9.0,7.2
P0186,2025-09-19,9,1303.0,0,5,2,6.3,8.0
P0186,2025-09-26,10,1072.0,2,4,2,9.2,1.1
P0186,2025-10-03,11,846.0,0,5,1,5.1,2.5
P0186,2025-10-10,12,1134.0,2,4,3,7.6,6.3
P0187,2025-07-25,1,1150.0,2,6,2,9.9,5.5
P0187,2025-08-01,2,1116.0,1,6,3,8.8,3.0
P0187,2025-08-08,3,821.0,1,6,1,6.0,8.0
P0187,2025-08-15,4,808.0,2,6,2,6.2,4.0
P0187,2025-08-22,5,1115.0,2,5,1,9.4,4.1
P0187,2025-08-29,6,1244.0,0,6,2,5.3,6.2
P0187,2025-09-05,7,892.0,2,4,2,9.5,6.8
P0187,2025-09-12,8,976.0,2,5,1,6.8,6.1
P0187,2025-09-19,9,741.0,0,4,2,9.9,6.9
P0187,2025-09-26,10,961.0,1,6,2,6.2,1.7
P0187,2025-10-03,11,722.0,1,4,1,8.8,4.6
P0187,2025-10-10,12,743.0,2,6,2,7.9,6.3
P0188,2025-07-25,1,1027.0,2,5,3,5.4,3.2
P0188,2025-08-01,2,878.0,2,4,2,5.8,2.4
P0188,2025-08-08,3,875.0,2,6,3,8.3,4.5
P0188,2025-08-15,4,759.0,0,4,1,6.9,5.8
P0188,2025-08-22,5,945.0,2,4,3,5.1,3.6
P0188,2025-08-29,6,1024.0,0,4,2,9.6,3.9
P0188,2025-09-05,7,744.0,0,5,2,9.0,2.3
P0188,2025-09-12,8,779.0,0,5,3,8.3,3.9
P0188,2025-09-19,9,678.0,2,6,1,7.1,3.5
P0188,2025-09-26,10,818.0,1,5,2,7.0,2.6
P0188,2025-10-03,11,755.0,0,4,2,7.4,5.8
P0188,2025-10-10,12,1134.0,1,5,3,8.5,4.0
P0189,2025-07-25,1,901.0,1,6,3,7.7,5.8
P0189,2025-08-01,2,933.0,2,5,3,6.9,6.7
P0189,2025-08-08,3,884.0,0,6,2,6.9,5.2
P0189,2025-08-15,4,1038.0,0,5,2,5.0,3.2
P0189,2025-08-22,5,794.0,1,4,2,6.5,3.3
P0189,2025-08-29,6,676.0,1,5,2,5.1,7.7
P0189,2025-09-05,7,1162.0,0,4,1,8.4,4.4
P0189,2025-09-12,8,1199.0,1,5,1,9.1,5.4
P0189,2025-09-19,9,1241.0,2,4,2,9.9,7.6
P0189,2025-09-26,10,890.0,0,6,3,8.3,2.9
P0189,2025-10-03,11,749.0,2,5,2,8.3,4.8
P0189,2025-10-10,12,901.0,0,5,1,9.1,5.2
P0190,2025-07-25,1,992.0,2,5,1,9.9,6.2
P0190,2025-08-01,2,891.0,0,6,1,9.6,2.5
P0190,2025-08-08,3,952.0,0,5,1,9.3,3.3
P0190,2025-08-15,4,1189.0,2,5,1,7.5,4.3
P0190,2025-08-22,5,929.0,1,6,3,6.5,4.0
P0190,2025-08-29,6,923.0,0,4,3,6.9,3.9
P0190,2025-09-05,7,860.0,0,6,2,9.5,6.0
P0190,2025-09-12,8,1193.0,0,4,1,5.8,1.4
P0190,2025-09-19,9,974.0,0,5,3,6.1,4.7
P0190,2025-09-26,10,1013.0,0,4,2,6.7,5.7
P0190,2025-10-03,11,816.0,1,5,1,6.9,3.8
P0190,2025-10-10,12,707.0,0,5,1,9.6,3.3
P0191,2025-07-25,1,980.0,1,4,3,8.6,4.6
P0191,2025-08-01,2,957.0,2,6,3,9.5,5.3
P0191,2025-08-08,3,996.0,1,6,2,5.1,4.9
P0191,2025-08-15,4,1073.0,0,6,1,8.9,2.2
P0191,2025-08-22,5,814.0,1,5,1,8.2,6.2
P0191,2025-08-29,6,899.0,2,6,3,6.7,7.6
P0191,2025-09-05,7,762.0,1,4,1,6.2,4.9
P0191,2025-09-12,8,935.0,0,5,1,8.0,4.4
P0191,2025-09-19,9,838.0,0,5,3,6.5,4.8
P0191,2025-09-26,10,912.0,2,6,2,6.3,3.5
P0191,2025-10-03,11,1107.0,0,6,3,7.6,4.3
P0191,2025-10-10,12,1131.0,2,5,3,5.9,4.7
P0192,2025-07-25,1,825.0,2,4,2,7.7,7.8
P0192,2025-08-01,2,874.0,2,6,1,6.9,2.1
P0192,2025-08-08,3,1210.0,2,6,2,7.4,6.5
P0192,2025-08-15,4,819.0,2,4,1,5.8,1.5
P0192,2025-08-22,5,693.0,1,4,2,7.9,1.4
P0192,2025-08-29,6,736.0,2,6,2,9.0,1.1
P0192,2025-09-05,7,1183.0,1,5,1,9.7,2.5
P0192,2025-09-12,8,1272.0,0,6,2,8.5,1.8
P0192,2025-09-19,9,737.0,2,5,1,7.3,6.9
P0192,2025-09-26,10,1052.0,2,4,1,5.9,2.0
P0192,2025-10-03,11,902.0,1,4,1,8.6,1.7
P0192,2025-10-10,12,782.0,2,4,2,8.0,4.7
P0193,2025-07-25,1,1302.0,2,5,1,9.5,1.3
P0193,2025-08-01,2,1107.0,2,5,3,9.1,7.3
P0193,2025-08-08,3,820.0,0,5,3,6.4,5.2
P0193,2025-08-15,4,1018.0,2,5,1,5.3,1.6
P0193,2025-08-22,5,969.0,2,4,1,5.9,3.2
P0193,2025-08-29,6,1302.0,0,6,3,6.8,1.6
P0193,2025-09-05,7,1218.0,1,4,1,5.9,2.2
P0193,2025-09-12,8,1086.0,0,5,1,8.7,1.4
P0193,2025-09-19,9,1067.0,0,6,3,9.8,2.9
P0193,2025-09-26,10,1164.0,0,6,2,6.4,6.7
P0193,2025-10-03,11,1253.0,1,4,2,6.8,2.2
P0193,2025-10-10,12,763.0,1,6,1,9.1,4.1
P0194,2025-07-25,1,1098.0,0,6,3,7.3,4.7
P0194,2025-08-01,2,1366.0,0,4,3,8.0,6.6
P0194,2025-08-08,3,1136.0,0,4,1,7.5,4.7
P0194,2025-08-15,4,877.0,2,5,2,6.4,7.8
P0194,2025-08-22,5,1108.0,2,4,3,9.6,3.5
P0194,2025-08-29,6,949.0,2,6,1,5.8,4.0
P0194,2025-09-05,7,1350.0,1,4,3,5.5,4.1
P0194,2025-09-12,8,1325.0,1,6,1,6.6,3.4
P0194,2025-09-19,9,1329.0,2,5,3,9.7,5.0
P0194,2025-09-26,10,1241.0,2,6,1,5.3,1.0
P0194,2025-10-03,11,854.0,2,6,2,7.2,2.2
P0194,2025-10-10,12,1222.0,0,4,1,8.3,4.4
P0195,2025-07-25,1,1065.0,0,5,1,8.2,6.3
P0195,2025-08-01,2,779.0,1,6,2,5.3,2.4
P0195,2025-08-08,3,1096.0,2,6,1,6.0,1.2
P0195,2025-08-15,4,1182.0,0,6,2,6.6,5.7
P0195,2025-08-22,5,949.0,1,5,3,5.1,2.5
P0195,2025-08-29,6,712.0,2,5,2,8.6,3.7
P0195,2025-09-05,7,693.0,1,5,1,8.0,4.5
P0195,2025-09-12,8,686.0,0,4,2,8.5,3.0
P0195,2025-09-19,9,687.0,1,4,2,6.3,7.2
P0195,2025-09-26,10,823.0,2,4,1,8.8,5.0
P0195,2025-10-03,11,890.0,2,4,2,6.1,2.0
P0195,2025-10-10,12,1163.0,2,4,1,5.4,3.2
P0196,2025-07-25,1,734.0,1,4,3,7.1,5.2
P0196,2025-08-01,2,908.0,1,5,2,8.5,6.6
P0196,2025-08-08,3,950.0,2,5,3,8.3,3.0
P0196,2025-08-15,4,1011.0,0,4,1,9.0,1.6
P0196,2025-08-22,5,968.0,1,4,3,7.5,4.5
P0196,2025-08-29,6,1072.0,1,5,2,5.2,5.5
P0196,2025-09-05,7,735.0,2,4,3,6.0,7.3
P0196,2025-09-12,8,698.0,1,5,3,8.1,1.9
P0196,2025-09-19,9,1173.0,2,4,2,7.3,7.5
P0196,2025-09-26,10,1143.0,2,5,2,7.8,5.1
P0196,2025-10-03,11,857.0,2,6,1,7.5,3.9
P0196,2025-10-10,12,1187.0,1,4,1,7.0,4.9
P0197,2025-07-25,1,840.0,0,6,3,6.6,1.3
P0197,2025-08-01,2,990.0,1,5,3,9.5,4.6
P0197,2025-08-08,3,1063.0,0,6,1,6.6,6.6
P0197,2025-08-15,4,664.0,1,5,1,8.3,5.2
P0197,2025-08-22,5,1037.0,2,5,3,9.5,5.5
P0197,2025-08-29,6,699.0,2,4,1,8.2,2.8
P0197,2025-09-05,7,672.0,2,5,3,8.5,6.0
P0197,2025-09-12,8,1030.0,1,5,1,8.4,6.5
P0197,2025-09-19,9,760.0,2,5,3,9.0,4.2
P0197,2025-09-26,10,998.0,2,5,1,7.1,7.8
P0197,2025-10-03,11,607.0,2,6,1,9.4,1.2
P0197,2025-10-10,12,735.0,2,5,2,8.3,7.4
P0198,2025-07-25,1,1040.0,1,5,1,6.0,2.6
P0198,2025-08-01,2,911.0,0,4,1,7.7,1.2
P0198,2025-08-08,3,801.0,0,6,1,9.3,6.4
P0198,2025-08-15,4,685.0,2,6,2,5.3,3.7
P0198,2025-08-22,5,804.0,2,6,1,8.7,2.6
P0198,2025-08-29,6,994.0,2,6,1,6.1,1.3
P0198,2025-09-05,7,684.0,2,5,1,6.4,2.3
P0198,2025-09-12,8,850.0,2,4,3,9.6,1.6
P0198,2025-09-19,9,1003.0,0,5,2,7.7,7.9
P0198,2025-09-26,10,926.0,2,4,1,9.3,3.6
P0198,2025-10-03,11,716.0,2,5,3,9.6,3.7
P0198,2025-10-10,12,641.0,1,5,1,8.9,5.2
P0199,2025-07-25,1,875.0,0,6,1,9.0,3.7
P0199,2025-08-01,2,1242.0,1,6,3,7.2,5.3
P0199,2025-08-08,3,768.0,2,4,3,7.5,6.9
P0199,2025-08-15,4,1262.0,0,6,1,8.1,7.2
P0199,2025-08-22,5,1089.0,1,4,1,7.3,3.3
P0199,2025-08-29,6,976.0,2,4,2,7.2,2.0
P0199,2025-09-05,7,1256.0,2,6,3,9.2,1.2
P0199,2025-09-12,8,867.0,0,5,3,9.0,6.3
P0199,2025-09-19,9,1183.0,2,4,3,5.5,7.0
P0199,2025-09-26,10,1244.0,0,6,1,7.6,7.4
P0199,2025-10-03,11,927.0,0,5,1,7.2,3.1
P0199,2025-10-10,12,893.0,2,6,3,9.9,6.7
P0200,2025-07-25,1,1095.0,2,4,1,6.8,2.5
P0200,2025-08-01,2,904.0,1,5,3,7.5,3.7
P0200,2025-08-08,3,691.0,2,5,2,8.8,2.9
P0200,2025-08-15,4,814.0,1,6,3,7.5,3.7
P0200,2025-08-22,5,1095.0,2,4,3,7.6,3.5
P0200,2025-08-29,6,773.0,0,4,1,6.1,5.6
P0200,2025-09-05,7,1025.0,0,6,2,6.7,6.3
P0200,2025-09-12,8,637.0,2,4,3,6.0,7.4
P0200,2025-09-19,9,1108.0,0,6,1,9.4,5.0
P0200,2025-09-26,10,823.0,0,5,2,5.0,7.6
P0200,2025-10-03,11,1059.0,0,5,3,8.0,7.5
P0200,2025-10-10,12,1073.0,0,6,1,8.0,3.8
